Trust FO (/10);Trust MO (/10);ID;Materiau;Dimension;Caracteristique;Precision;norme;Qte;Unite;PR. FO;Type FO;K FO;h MO;Type MO;K MO;PV.U. total;Prix total;soud(pou);F1_nom;F1_prix;F1_ref;F1_URL;F2_nom;F2_prix;F2_ref;F2_URL;F3_nom;F3_prix;F3_ref;F3_URL
9;3;Tub.I4S.15;Inox 304L - Soude;DN15;Tube;21,3x1,6;EN 10217-7;;ml;3,38;Tuy I4L;;0,75;Sou;;;;0,14;Arcus;3,38;TS304L 21.3X1.6;https://www.arcusinox.com/shop/category/tubes-tubes-soudes-tubes-soudes-en-iso-93/products?attrib=2-3198&show_other_criteria=on&attrib=5-311&attrib=11-312&availability=available;;;;;;;;
8;3;Tub.I4S.20;Inox 304L - Soude;DN20;Tube;26,9x2;EN 10217-7;;ml;4,5;Tuy I4L;;0,8;Sou;;;;0,18;Arcus;4,5;TS304L 26.9X2;;;;;;;;;
5;3;Tub.I4S.25;Inox 304L - Soude;DN25;Tube;33,7x2;EN 10217-7;;ml;5,58;Tuy I4L;;0,85;Sou;;;;0,23;Arcus;5,58;TS304L 33.7X2;;;;;;;;;
8;3;Tub.I4S.32;Inox 304L - Soude;DN32;Tube;42,4x2;EN 10217-7;;ml;6,96;Tuy I4L;;0,95;Sou;;;;0,28;Arcus;6,96;TS304L 42.4X2;;;;;;;;;
8;3;Tub.I4S.40;Inox 304L - Soude;DN40;Tube;48,3x2;EN 10217-7;;ml;7,89;Tuy I4L;;1,05;Sou;;;;0,32;Arcus;7,89;TS304L 48.3X2;;;;;;;;;
5;3;Tub.I4S.50;Inox 304L - Soude;DN50;Tube;60,3x2;EN 10217-7;;ml;9,9;Tuy I4L;;1,15;Sou;;;;0,4;Arcus;9,9;TS304L 60.3X2;;;;;;;;;
5;3;Tub.I4S.65;Inox 304L - Soude;DN65;Tube;76,1x2;EN 10217-7;;ml;12,5;Tuy I4L;;1,3;Sou;;;;0,5;Arcus;12,5;;;;;;;;;;
8;3;Tub.I4S.80;Inox 304L - Soude;DN80;Tube;88,9x2;EN 10217-7;;ml;14,59;Tuy I4L;;1,4;Sou;;;;0,59;Arcus;14,59;TS304L 88.9X2;;;;;;;;;
8;3;Tub.I4S.100;Inox 304L - Soude;DN100;Tube;114,3x2;EN 10217-7;;ml;18,66;Tuy I4L;;1,55;Sou;;;;0,75;Arcus;18,66;TS304L 114.3X2;;;;;;;;;
5;3;Tub.I4S.125;Inox 304L - Soude;DN125;Tube;139,7x2;EN 10217-7;;ml;23;Tuy I4L;;1,75;Sou;;;;0,92;Arcus;23;TS304L 139.7X2;;;;;;;;;
8;3;Tub.I4S.150;Inox 304L - Soude;DN150;Tube;168,3x2;EN 10217-7;;ml;27,93;Tuy I4L;;1,95;Sou;;;;1,11;Arcus;27,93;TS304L 168.3X2;;;;;;;;;
8;3;Tub.I4S.200;Inox 304L - Soude;DN200;Tube;219,1x2;EN 10217-7;;ml;36,47;Tuy I4L;;2,25;Sou;;;;1,44;Arcus;36,47;TS304L 219.1X2;;;;;;;;;
8;3;Tub.I4S.250;Inox 304L - Soude;DN250;Tube;273,0x3;EN 10217-7;;ml;69,13;Tuy I4L;;2,65;Sou;;;;1,8;Arcus;69,13;TS304L 273X3;;;;;;;;;
8;3;Tub.I4S.300;Inox 304L - Soude;DN300;Tube;323,9x3;EN 10217-7;;ml;88,1;Tuy I4L;;3,1;Sou;;;;2,13;Arcus;88,1;TS304L 323.9X3;;;;;;;;;
5;3;Tub.I4S.350;Inox 304L - Soude;DN350;Tube;355,6x4;EN 10217-7;;ml;114,88;Tuy I4L;;3,6;Sou;;;;2,34;Arcus;114,88;TS304L 355.6X4;;;;;;;;;
8;3;Tub.I4S.400;Inox 304L - Soude;DN400;Tube;406,4x4;EN 10217-7;;ml;157,79;Tuy I4L;;4,1;Sou;;;;2,67;Arcus;157,79;TS304L 406.4X4;;;;;;;;;
8;3;Tub.I4S.450;Inox 304L - Soude;DN450;Tube;457,2x4;EN 10217-7;;ml;297,53;Tuy I4L;;4,7;Sou;;;;3;Arcus;297,53;TS304L 457.2X4;;;;;;;;;
;;Tub.I4S.500;Inox 304L - Soude;DN500;Tube;508,0x5;EN 10217-7;;ml;;Tuy I4L;;5,3;Sou;;;;3,34;Arcus;;TS304L 508X5;;;;;;;;;
;;;;;;;;;;;;;;;;;;;;;;;;;;;;;;
8;3;C90.I4S.15;Inox 304L - Soude;DN15;Coude 90 3D;21,3x1,6;EN 10217-7;;U;1,04;Tuy I4L;;0,65;Sou;;;;1,68;Arcus;1,04;CD04L 21.3X1.6;;;;;;;;;
4;3;C90.I4S.20;Inox 304L - Soude;DN20;Coude 90 3D;26,9x2;EN 10217-7;;U;1,2;Tuy I4L;;0,68;Sou;;;;2,12;;1,2;;;;;;;;;;
4;3;C90.I4S.25;Inox 304L - Soude;DN25;Coude 90 3D;33,7x2;EN 10217-7;;U;1,4;Tuy I4L;;0,73;Sou;;;;2,66;;1,4;;;;;;;;;;
8;3;C90.I4S.32;Inox 304L - Soude;DN32;Coude 90 3D;42,4x2;EN 10217-7;;U;1,59;Tuy I4L;;0,79;Sou;;;;3,34;Arcus;1,59;CD04L 42.4X2;;;;;;;;;
8;3;C90.I4S.40;Inox 304L - Soude;DN40;Coude 90 3D;48,3x2;EN 10217-7;;U;1,93;Tuy I4L;;0,83;Sou;;;;3,81;Arcus;1,93;CD04L 48.3X2;;;;;;;;;
4;3;C90.I4S.50;Inox 304L - Soude;DN50;Coude 90 3D;60,3x2;EN 10217-7;;U;2,9;Tuy I4L;;0,91;Sou;;;;4,75;;2,9;;;;;;;;;;
4;3;C90.I4S.65;Inox 304L - Soude;DN65;Coude 90 3D;76,1x2;EN 10217-7;;U;4,2;Tuy I4L;;1,02;Sou;;;;6;;4,2;;;;;;;;;;
8;3;C90.I4S.80;Inox 304L - Soude;DN80;Coude 90 3D;88,9x2;EN 10217-7;;U;5,9;Tuy I4L;;1,11;Sou;;;;7,01;Arcus;5,9;CD04L 88.9X2;;;;;;;;;
8;3;C90.I4S.100;Inox 304L - Soude;DN100;Coude 90 3D;114,3x2;EN 10217-7;;U;9,05;Tuy I4L;;1,28;Sou;;;;9;Arcus;9,05;CD04L 114.3X2;;;;;;;;;
8;3;C90.I4S.125;Inox 304L - Soude;DN125;Coude 90 3D;139,7x2;EN 10217-7;;U;17,99;Tuy I4L;;1,45;Sou;;;;11;Arcus;17,99;CD04L 139.7X2;;;;;;;;;
8;3;C90.I4S.150;Inox 304L - Soude;DN150;Coude 90 3D;168,3x2;EN 10217-7;;U;23,69;Tuy I4L;;1,65;Sou;;;;13,26;Arcus;23,69;CD04L 168.3X2;;;;;;;;;
8;3;C90.I4S.200;Inox 304L - Soude;DN200;Coude 90 3D;219,1x2;EN 10217-7;;U;46,54;Tuy I4L;;1,99;Sou;;;;17,26;Arcus;46,54;CD04L 219.1X2;;;;;;;;;
8;3;C90.I4S.250;Inox 304L - Soude;DN250;Coude 90 3D;273,0x3;EN 10217-7;;U;108,46;Tuy I4L;;3,4;Sou;;;;21,5;Arcus;108,46;CD04L 273X3;;;;;;;;;
8;3;C90.I4S.300;Inox 304L - Soude;DN300;Coude 90 3D;323,9x3;EN 10217-7;;U;137,36;Tuy I4L;;3,94;Sou;;;;25,51;Arcus;137,36;CD04L 323.9X3;;;;;;;;;
;3;C90.I4S.350;Inox 304L - Soude;DN350;Coude 90 3D;355,6x4;EN 10217-7;;U;;Tuy I4L;;5,63;Sou;;;;28,01;;;;;;;;;;;;
;3;C90.I4S.400;Inox 304L - Soude;DN400;Coude 90 3D;406,4x4;EN 10217-7;;U;;Tuy I4L;;6,36;Sou;;;;32;;;;;;;;;;;;
;3;C90.I4S.450;Inox 304L - Soude;DN450;Coude 90 3D;457,2x4;EN 10217-7;;U;;Tuy I4L;;7,09;Sou;;;;36;;;;;;;;;;;;
;3;C90.I4S.500;Inox 304L - Soude;DN500;Coude 90 3D;508,0x5;EN 10217-7;;U;;Tuy I4L;;7,83;Sou;;;;40;;;;;;;;;;;;
;;;;;;;;;;;;;;;;;;;;;;;;;;;;;;
;3;C45.I4S.15;Inox 304L - Soude;DN15;Coude 45;21,3x1,6;EN 10217-7;;U;;Tuy I4L;;0,65;Sou;;;;1,68;;;;;;;;;;;;
;3;C45.I4S.20;Inox 304L - Soude;DN20;Coude 45;26,9x2;EN 10217-7;;U;;Tuy I4L;;0,68;Sou;;;;2,12;;;;;;;;;;;;
;3;C45.I4S.25;Inox 304L - Soude;DN25;Coude 45;33,7x2;EN 10217-7;;U;;Tuy I4L;;0,73;Sou;;;;2,66;;;;;;;;;;;;
;3;C45.I4S.32;Inox 304L - Soude;DN32;Coude 45;42,4x2;EN 10217-7;;U;;Tuy I4L;;0,79;Sou;;;;3,34;;;;;;;;;;;;
;3;C45.I4S.40;Inox 304L - Soude;DN40;Coude 45;48,3x2;EN 10217-7;;U;;Tuy I4L;;0,83;Sou;;;;3,81;;;;;;;;;;;;
;3;C45.I4S.50;Inox 304L - Soude;DN50;Coude 45;60,3x2;EN 10217-7;;U;;Tuy I4L;;0,91;Sou;;;;4,75;;;;;;;;;;;;
;3;C45.I4S.65;Inox 304L - Soude;DN65;Coude 45;76,1x2;EN 10217-7;;U;;Tuy I4L;;1,02;Sou;;;;6;;;;;;;;;;;;
;3;C45.I4S.80;Inox 304L - Soude;DN80;Coude 45;88,9x2;EN 10217-7;;U;;Tuy I4L;;1,11;Sou;;;;7,01;;;;;;;;;;;;
;3;C45.I4S.100;Inox 304L - Soude;DN100;Coude 45;114,3x2;EN 10217-7;;U;;Tuy I4L;;1,28;Sou;;;;9;;;;;;;;;;;;
;3;C45.I4S.125;Inox 304L - Soude;DN125;Coude 45;139,7x2;EN 10217-7;;U;;Tuy I4L;;1,45;Sou;;;;11;;;;;;;;;;;;
;3;C45.I4S.150;Inox 304L - Soude;DN150;Coude 45;168,3x2;EN 10217-7;;U;;Tuy I4L;;1,65;Sou;;;;13,26;;;;;;;;;;;;
;3;C45.I4S.200;Inox 304L - Soude;DN200;Coude 45;219,1x2;EN 10217-7;;U;;Tuy I4L;;1,99;Sou;;;;17,26;;;;;;;;;;;;
;3;C45.I4S.250;Inox 304L - Soude;DN250;Coude 45;273,0x3;EN 10217-7;;U;;Tuy I4L;;3,4;Sou;;;;21,5;;;;;;;;;;;;
;3;C45.I4S.300;Inox 304L - Soude;DN300;Coude 45;323,9x3;EN 10217-7;;U;;Tuy I4L;;3,94;Sou;;;;25,51;;;;;;;;;;;;
;3;C45.I4S.350;Inox 304L - Soude;DN350;Coude 45;355,6x4;EN 10217-7;;U;;Tuy I4L;;5,63;Sou;;;;28,01;;;;;;;;;;;;
;3;C45.I4S.400;Inox 304L - Soude;DN400;Coude 45;406,4x4;EN 10217-7;;U;;Tuy I4L;;6,36;Sou;;;;32;;;;;;;;;;;;
;3;C45.I4S.450;Inox 304L - Soude;DN450;Coude 45;457,2x4;EN 10217-7;;U;;Tuy I4L;;7,09;Sou;;;;36;;;;;;;;;;;;
;3;C45.I4S.500;Inox 304L - Soude;DN500;Coude 45;508,0x5;EN 10217-7;;U;;Tuy I4L;;7,83;Sou;;;;40;;;;;;;;;;;;
;;;;;;;;;;;;;;;;;;;;;;;;;;;;;;
8;3;TeD.I4S.15;Inox 304L - Soude;DN15;Te droit;21,3x1,6;EN 10217-7;;U;3,17;Tuy I4L;;0,97;Sou;;;;2,52;Arcus;3,17;TEE04L 21.3X1.6;;;;;;;;;
4;3;TeD.I4S.20;Inox 304L - Soude;DN20;Te droit;26,9x2;EN 10217-7;;U;3,76;Tuy I4L;;1,02;Sou;;;;3,18;Arcus;3,76;TEE04L 26.9X2;;;;;;;;;
4;3;TeD.I4S.25;Inox 304L - Soude;DN25;Te droit;33,7x2;EN 10217-7;;U;4,6;Tuy I4L;;1,09;Sou;;;;3,99;Arcus;4,6;TEE04L 33.7X2;;;;;;;;;
8;3;TeD.I4S.32;Inox 304L - Soude;DN32;Te droit;42,4x2;EN 10217-7;;U;5,58;Tuy I4L;;1,18;Sou;;;;5,01;Arcus;5,58;TEE04L 42.4X2;;;;;;;;;
8;3;TeD.I4S.40;Inox 304L - Soude;DN40;Te droit;48,3x2;EN 10217-7;;U;5,88;Tuy I4L;;1,24;Sou;;;;5,72;Arcus;5,88;TEE04L 48.3X2;;;;;;;;;
8;3;TeD.I4S.50;Inox 304L - Soude;DN50;Te droit;60,3x2;EN 10217-7;;U;7,4;Tuy I4L;;1,37;Sou;;;;7,13;Arcus;7,4;TEE04L 60.3X2;;;;;;;;;
8;3;TeD.I4S.65;Inox 304L - Soude;DN65;Te droit;76,1x2;EN 10217-7;;U;10,58;Tuy I4L;;1,53;Sou;;;;9;Arcus;10,58;TEE04L 76.1X2;;;;;;;;;
8;3;TeD.I4S.80;Inox 304L - Soude;DN80;Te droit;88,9x2;EN 10217-7;;U;13,01;Tuy I4L;;1,66;Sou;;;;10,52;Arcus;13,01;TEE04L 88.9X2;;;;;;;;;
8;3;TeD.I4S.100;Inox 304L - Soude;DN100;Te droit;114,3x2;EN 10217-7;;U;18,45;Tuy I4L;;1,92;Sou;;;;13,5;Arcus;18,45;TEE04L 114.3X2;;;;;;;;;
8;3;TeD.I4S.125;Inox 304L - Soude;DN125;Te droit;139,7x2;EN 10217-7;;U;33;Tuy I4L;;2,18;Sou;;;;16,5;Arcus;33;TEE04L 139.7X2;;;;;;;;;
8;3;TeD.I4S.150;Inox 304L - Soude;DN150;Te droit;168,3x2;EN 10217-7;;U;43,88;Tuy I4L;;2,47;Sou;;;;19,89;Arcus;43,88;TEE04L 168.3X2;;;;;;;;;
8;3;TeD.I4S.200;Inox 304L - Soude;DN200;Te droit;219,1x2;EN 10217-7;;U;83,51;Tuy I4L;;2,99;Sou;;;;25,89;Arcus;83,51;TEE04L 219.1X2;;;;;;;;;
8;3;TeD.I4S.250;Inox 304L - Soude;DN250;Te droit;273,0x3;EN 10217-7;;U;138,1;Tuy I4L;;5,1;Sou;;;;32,25;Arcus;138,1;TEE04L 273X3;;;;;;;;;
8;3;TeD.I4S.300;Inox 304L - Soude;DN300;Te droit;323,9x3;EN 10217-7;;U;228,34;Tuy I4L;;5,91;Sou;;;;38,27;Arcus;228,34;TEE04L 323.9X3;;;;;;;;;
4;3;TeD.I4S.350;Inox 304L - Soude;DN350;Te droit;355,6x4;EN 10217-7;;U;298,74;Tuy I4L;;8,44;Sou;;;;42,02;Arcus;298,74;TEE04L 355.6X4;;;;;;;;;
2;3;TeD.I4S.400;Inox 304L - Soude;DN400;Te droit;406,4x4;EN 10217-7;;U;;Tuy I4L;;9,54;Sou;;;;48;Arcus;;TEC04L 406.4X4;;;;;;;;;
2;3;TeD.I4S.450;Inox 304L - Soude;DN450;Te droit;457,2x4;EN 10217-7;;U;;Tuy I4L;;10,64;Sou;;;;54;Arcus;;TEC04L 457.2X4;;;;;;;;;
2;3;TeD.I4S.500;Inox 304L - Soude;DN500;Te droit;508,0x5;EN 10217-7;;U;;Tuy I4L;;11,74;Sou;;;;60;Arcus;;TEC04L 508X5;;;;;;;;;
;;;;;;;;;;;;;;;;;;;;;;;;;;;;;;
6;3;TeR.I4S.15;Inox 304L - Soude;DN15;Te reduit;21,3x1,6;EN 10217-7;;U;4,2795;Tuy I4L;;0,97;Sou;;;;2,52;;4,2795;;;;;;;;;;
6;3;TeR.I4S.20;Inox 304L - Soude;DN20;Te reduit;26,9x2;EN 10217-7;;U;5,076;Tuy I4L;;1,02;Sou;;;;3,18;;5,076;;;;;;;;;;
6;3;TeR.I4S.25;Inox 304L - Soude;DN25;Te reduit;33,7x2;EN 10217-7;;U;6,21;Tuy I4L;;1,09;Sou;;;;3,99;;6,21;;;;;;;;;;
6;3;TeR.I4S.32;Inox 304L - Soude;DN32;Te reduit;42,4x2;EN 10217-7;;U;7,533;Tuy I4L;;1,18;Sou;;;;5,01;;7,533;;;;;;;;;;
6;3;TeR.I4S.40;Inox 304L - Soude;DN40;Te reduit;48,3x2;EN 10217-7;;U;7,938;Tuy I4L;;1,24;Sou;;;;5,72;;7,938;;;;;;;;;;
6;3;TeR.I4S.50;Inox 304L - Soude;DN50;Te reduit;60,3x2;EN 10217-7;;U;9,99;Tuy I4L;;1,37;Sou;;;;7,13;;9,99;;;;;;;;;;
6;3;TeR.I4S.65;Inox 304L - Soude;DN65;Te reduit;76,1x2;EN 10217-7;;U;14,283;Tuy I4L;;1,53;Sou;;;;9;;14,283;;;;;;;;;;
6;3;TeR.I4S.80;Inox 304L - Soude;DN80;Te reduit;88,9x2;EN 10217-7;;U;17,5635;Tuy I4L;;1,66;Sou;;;;10,52;;17,5635;;;;;;;;;;
6;3;TeR.I4S.100;Inox 304L - Soude;DN100;Te reduit;114,3x2;EN 10217-7;;U;24,9075;Tuy I4L;;1,92;Sou;;;;13,5;;24,9075;;;;;;;;;;
6;3;TeR.I4S.125;Inox 304L - Soude;DN125;Te reduit;139,7x2;EN 10217-7;;U;44,55;Tuy I4L;;2,18;Sou;;;;16,5;;44,55;;;;;;;;;;
6;3;TeR.I4S.150;Inox 304L - Soude;DN150;Te reduit;168,3x2;EN 10217-7;;U;59,238;Tuy I4L;;2,47;Sou;;;;19,89;;59,238;;;;;;;;;;
6;3;TeR.I4S.200;Inox 304L - Soude;DN200;Te reduit;219,1x2;EN 10217-7;;U;112,7385;Tuy I4L;;2,99;Sou;;;;25,89;;112,7385;;;;;;;;;;
6;3;TeR.I4S.250;Inox 304L - Soude;DN250;Te reduit;273,0x3;EN 10217-7;;U;186,435;Tuy I4L;;5,1;Sou;;;;32,25;;186,435;;;;;;;;;;
6;3;TeR.I4S.300;Inox 304L - Soude;DN300;Te reduit;323,9x3;EN 10217-7;;U;308,259;Tuy I4L;;5,91;Sou;;;;38,27;;308,259;;;;;;;;;;
6;3;TeR.I4S.350;Inox 304L - Soude;DN350;Te reduit;355,6x4;EN 10217-7;;U;403,299;Tuy I4L;;8,44;Sou;;;;42,02;;403,299;;;;;;;;;;
6;3;TeR.I4S.400;Inox 304L - Soude;DN400;Te reduit;406,4x4;EN 10217-7;;U;;Tuy I4L;;9,54;Sou;;;;48;;;;;;;;;;;;
6;3;TeR.I4S.450;Inox 304L - Soude;DN450;Te reduit;457,2x4;EN 10217-7;;U;;Tuy I4L;;10,64;Sou;;;;54;;;;;;;;;;;;
6;3;TeR.I4S.500;Inox 304L - Soude;DN500;Te reduit;508,0x5;EN 10217-7;;U;;Tuy I4L;;11,74;Sou;;;;60;;;;;;;;;;;;
;;;;;;;;;;;;;;;;;;;;;;;;;;;;;;
;3;Red.I4S.15;Inox 304L - Soude;DN15;Reduction;21,3x1,6;EN 10217-7;;U;;Tuy I4L;;0,65;Sou;;;;1,68;;;;;;;;;;;;
;3;Red.I4S.20;Inox 304L - Soude;DN20;Reduction;26,9x2;EN 10217-7;;U;;Tuy I4L;;0,68;Sou;;;;2,12;;;;;;;;;;;;
;3;Red.I4S.25;Inox 304L - Soude;DN25;Reduction;33,7x2;EN 10217-7;;U;;Tuy I4L;;0,73;Sou;;;;2,66;;;;;;;;;;;;
;3;Red.I4S.32;Inox 304L - Soude;DN32;Reduction;42,4x2;EN 10217-7;;U;;Tuy I4L;;0,79;Sou;;;;3,34;;;;;;;;;;;;
;3;Red.I4S.40;Inox 304L - Soude;DN40;Reduction;48,3x2;EN 10217-7;;U;;Tuy I4L;;0,83;Sou;;;;3,81;;;;;;;;;;;;
;3;Red.I4S.50;Inox 304L - Soude;DN50;Reduction;60,3x2;EN 10217-7;;U;;Tuy I4L;;0,91;Sou;;;;4,75;;;;;;;;;;;;
;3;Red.I4S.65;Inox 304L - Soude;DN65;Reduction;76,1x2;EN 10217-7;;U;;Tuy I4L;;1,02;Sou;;;;6;;;;;;;;;;;;
;3;Red.I4S.80;Inox 304L - Soude;DN80;Reduction;88,9x2;EN 10217-7;;U;;Tuy I4L;;1,11;Sou;;;;7,01;;;;;;;;;;;;
;3;Red.I4S.100;Inox 304L - Soude;DN100;Reduction;114,3x2;EN 10217-7;;U;;Tuy I4L;;1,28;Sou;;;;9;;;;;;;;;;;;
;3;Red.I4S.125;Inox 304L - Soude;DN125;Reduction;139,7x2;EN 10217-7;;U;;Tuy I4L;;1,45;Sou;;;;11;;;;;;;;;;;;
;3;Red.I4S.150;Inox 304L - Soude;DN150;Reduction;168,3x2;EN 10217-7;;U;;Tuy I4L;;1,65;Sou;;;;13,26;;;;;;;;;;;;
;3;Red.I4S.200;Inox 304L - Soude;DN200;Reduction;219,1x2;EN 10217-7;;U;;Tuy I4L;;1,99;Sou;;;;17,26;;;;;;;;;;;;
;3;Red.I4S.250;Inox 304L - Soude;DN250;Reduction;273,0x3;EN 10217-7;;U;;Tuy I4L;;3,4;Sou;;;;21,5;;;;;;;;;;;;
;3;Red.I4S.300;Inox 304L - Soude;DN300;Reduction;323,9x3;EN 10217-7;;U;;Tuy I4L;;3,94;Sou;;;;25,51;;;;;;;;;;;;
;3;Red.I4S.350;Inox 304L - Soude;DN350;Reduction;355,6x4;EN 10217-7;;U;;Tuy I4L;;5,63;Sou;;;;28,01;;;;;;;;;;;;
;3;Red.I4S.400;Inox 304L - Soude;DN400;Reduction;406,4x4;EN 10217-7;;U;;Tuy I4L;;6,36;Sou;;;;32;;;;;;;;;;;;
;3;Red.I4S.450;Inox 304L - Soude;DN450;Reduction;457,2x4;EN 10217-7;;U;;Tuy I4L;;7,09;Sou;;;;36;;;;;;;;;;;;
;3;Red.I4S.500;Inox 304L - Soude;DN500;Reduction;508,0x5;EN 10217-7;;U;;Tuy I4L;;7,83;Sou;;;;40;;;;;;;;;;;;
;;;;;;;;;;;;;;;;;;;;;;;;;;;;;;
;;Piq.I4S.15;Inox 304L - Soude;DN15;Piquage;21,3x1,6;EN 10217-7;;U;;Tuy I4L;;;Sou;;;;0,84;;;;;;;;;;;;
;;Piq.I4S.20;Inox 304L - Soude;DN20;Piquage;26,9x2;EN 10217-7;;U;;Tuy I4L;;;Sou;;;;1,06;;;;;;;;;;;;
;;Piq.I4S.25;Inox 304L - Soude;DN25;Piquage;33,7x2;EN 10217-7;;U;;Tuy I4L;;;Sou;;;;1,33;;;;;;;;;;;;
;;Piq.I4S.32;Inox 304L - Soude;DN32;Piquage;42,4x2;EN 10217-7;;U;;Tuy I4L;;;Sou;;;;1,67;;;;;;;;;;;;
;;Piq.I4S.40;Inox 304L - Soude;DN40;Piquage;48,3x2;EN 10217-7;;U;;Tuy I4L;;;Sou;;;;1,905;;;;;;;;;;;;
;;Piq.I4S.50;Inox 304L - Soude;DN50;Piquage;60,3x2;EN 10217-7;;U;;Tuy I4L;;;Sou;;;;2,375;;;;;;;;;;;;
;;Piq.I4S.65;Inox 304L - Soude;DN65;Piquage;76,1x2;EN 10217-7;;U;;Tuy I4L;;;Sou;;;;3;;;;;;;;;;;;
;;Piq.I4S.80;Inox 304L - Soude;DN80;Piquage;88,9x2;EN 10217-7;;U;;Tuy I4L;;;Sou;;;;3,505;;;;;;;;;;;;
;;Piq.I4S.100;Inox 304L - Soude;DN100;Piquage;114,3x2;EN 10217-7;;U;;Tuy I4L;;;Sou;;;;4,5;;;;;;;;;;;;
;;Piq.I4S.125;Inox 304L - Soude;DN125;Piquage;139,7x2;EN 10217-7;;U;;Tuy I4L;;;Sou;;;;5,5;;;;;;;;;;;;
;;Piq.I4S.150;Inox 304L - Soude;DN150;Piquage;168,3x2;EN 10217-7;;U;;Tuy I4L;;;Sou;;;;6,63;;;;;;;;;;;;
;;Piq.I4S.200;Inox 304L - Soude;DN200;Piquage;219,1x2;EN 10217-7;;U;;Tuy I4L;;;Sou;;;;8,63;;;;;;;;;;;;
;;Piq.I4S.250;Inox 304L - Soude;DN250;Piquage;273,0x3;EN 10217-7;;U;;Tuy I4L;;;Sou;;;;10,75;;;;;;;;;;;;
;;Piq.I4S.300;Inox 304L - Soude;DN300;Piquage;323,9x3;EN 10217-7;;U;;Tuy I4L;;;Sou;;;;12,755;;;;;;;;;;;;
;;Piq.I4S.350;Inox 304L - Soude;DN350;Piquage;355,6x4;EN 10217-7;;U;;Tuy I4L;;;Sou;;;;14,005;;;;;;;;;;;;
;;Piq.I4S.400;Inox 304L - Soude;DN400;Piquage;406,4x4;EN 10217-7;;U;;Tuy I4L;;;Sou;;;;16;;;;;;;;;;;;
;;Piq.I4S.450;Inox 304L - Soude;DN450;Piquage;457,2x4;EN 10217-7;;U;;Tuy I4L;;;Sou;;;;18;;;;;;;;;;;;
;;Piq.I4S.500;Inox 304L - Soude;DN500;Piquage;508,0x5;EN 10217-7;;U;;Tuy I4L;;;Sou;;;;20;;;;;;;;;;;;
;;;;;;;;;;;;;;;;;;;;;;;;;;;;;;
;;BPS.I4S.50;Inox 304L - Soude;DN50;Bride plate a souder;60,3x2;EN 10217-7;;U;;Tuy I4L;;;Sou;;;;2,38;;;;;;;;;;;;
;;BPS.I4S.65;Inox 304L - Soude;DN65;Bride plate a souder;76,1x2;EN 10217-7;;U;;Tuy I4L;;;Sou;;;;3;;;;;;;;;;;;
;;BPS.I4S.80;Inox 304L - Soude;DN80;Bride plate a souder;88,9x2;EN 10217-7;;U;;Tuy I4L;;;Sou;;;;3,51;;;;;;;;;;;;
;;BPS.I4S.100;Inox 304L - Soude;DN100;Bride plate a souder;114,3x2;EN 10217-7;;U;;Tuy I4L;;;Sou;;;;4,5;;;;;;;;;;;;
;;BPS.I4S.125;Inox 304L - Soude;DN125;Bride plate a souder;139,7x2;EN 10217-7;;U;;Tuy I4L;;;Sou;;;;5,5;;;;;;;;;;;;
;;BPS.I4S.150;Inox 304L - Soude;DN150;Bride plate a souder;168,3x2;EN 10217-7;;U;;Tuy I4L;;;Sou;;;;6,63;;;;;;;;;;;;
;;BPS.I4S.200;Inox 304L - Soude;DN200;Bride plate a souder;219,1x2;EN 10217-7;;U;;Tuy I4L;;;Sou;;;;8,64;;;;;;;;;;;;
;;BPS.I4S.250;Inox 304L - Soude;DN250;Bride plate a souder;273,0x3;EN 10217-7;;U;;Tuy I4L;;;Sou;;;;10,75;;;;;;;;;;;;
;;BPS.I4S.300;Inox 304L - Soude;DN300;Bride plate a souder;323,9x3;EN 10217-7;;U;;Tuy I4L;;;Sou;;;;12,76;;;;;;;;;;;;
;;BPS.I4S.350;Inox 304L - Soude;DN350;Bride plate a souder;355,6x4;EN 10217-7;;U;;Tuy I4L;;;Sou;;;;14,01;;;;;;;;;;;;
;;BPS.I4S.400;Inox 304L - Soude;DN400;Bride plate a souder;406,4x4;EN 10217-7;;U;;Tuy I4L;;;Sou;;;;16;;;;;;;;;;;;
;;BPS.I4S.450;Inox 304L - Soude;DN450;Bride plate a souder;457,2x4;EN 10217-7;;U;;Tuy I4L;;;Sou;;;;18;;;;;;;;;;;;
;;BPS.I4S.500;Inox 304L - Soude;DN500;Bride plate a souder;508,0x5;EN 10217-7;;U;;Tuy I4L;;;Sou;;;;20;;;;;;;;;;;;
;;;;;;;;;;;;;;;;;;;;;;;;;;;;;;
4;;Bco.I4S.15;Inox 304L - Soude;DN15;Bride à collerettes T11;21,3x1.6;EN 10217-7;;U;;Tuy I4L;;;Sou;;;;0,84;Arcus;5,18;BC04L DN15 PN40;;;;;;;;;
4;;Bco.I4S.20;Inox 304L - Soude;DN20;Bride à collerettes T11;26,9x2;EN 10217-7;;U;;Tuy I4L;;;Sou;;;;1,06;Arcus;7,1;BC04L DN20 PN40;;;;;;;;;
4;;Bco.I4S.25;Inox 304L - Soude;DN25;Bride à collerettes T11;33,7x2;EN 10217-7;;U;;Tuy I4L;;;Sou;;;;1,33;Arcus;8,39;BC04L DN25 PN40;;;;;;;;;
4;;Bco.I4S.32;Inox 304L - Soude;DN32;Bride à collerettes T11;42,4x2;EN 10217-7;;U;;Tuy I4L;;;Sou;;;;1,67;Arcus;12,59;BC04L DN32 PN40;;;;;;;;;
4;;Bco.I4S.40;Inox 304L - Soude;DN40;Bride à collerettes T11;48,3x2;EN 10217-7;;U;;Tuy I4L;;;Sou;;;;1,9;Arcus;14,06;BC04L DN40 PN40;;;;;;;;;
2;;Bco.I4S.50;Inox 304L - Soude;DN50;Bride à collerettes T11;60,3x2;EN 10217-7;;U;;Tuy I4L;;;Sou;;;;2,38;Arcus;15,3;BC04L DN50 PN10;;;;;;;;;
2;;Bco.I4S.65;Inox 304L - Soude;DN65;Bride à collerettes T11;76,1x2;EN 10217-7;;U;;Tuy I4L;;;Sou;;;;3;Arcus;18,27;BC04L DN65 PN10;;;;;;;;;
2;;Bco.I4S.80;Inox 304L - Soude;DN80;Bride à collerettes T11;88,9x2;EN 10217-7;;U;;Tuy I4L;;;Sou;;;;3,51;Arcus;21,59;BC04L DN80 PN10;;;;;;;;;
2;;Bco.I4S.100;Inox 304L - Soude;DN100;Bride à collerettes T11;114,3x2;EN 10217-7;;U;;Tuy I4L;;;Sou;;;;4,5;Arcus;26,39;BC04L DN100 PN10;;;;;;;;;
2;;Bco.I4S.125;Inox 304L - Soude;DN125;Bride à collerettes T11;139,7x2;EN 10217-7;;U;;Tuy I4L;;;Sou;;;;5,5;Arcus;39,18;BC04L DN125 PN10;;;;;;;;;
2;;Bco.I4S.150;Inox 304L - Soude;DN150;Bride à collerettes T11;168,3x2;EN 10217-7;;U;;Tuy I4L;;;Sou;;;;6,63;Arcus;44,7;BC04L DN150 PN10;;;;;;;;;
4;;Bco.I4S.200;Inox 304L - Soude;DN200;Bride à collerettes T11;219,1x2;EN 10217-7;;U;;Tuy I4L;;;Sou;;;;8,64;Arcus;73,69;BC04L DN200 PN16;;;;;;;;;
4;;Bco.I4S.250;Inox 304L - Soude;DN250;Bride à collerettes T11;273,0x3;EN 10217-7;;U;;Tuy I4L;;;Sou;;;;10,75;Arcus;110,85;BC04L DN250 PN16;;;;;;;;;
4;;Bco.I4S.300;Inox 304L - Soude;DN300;Bride à collerettes T11;323,9x3;EN 10217-7;;U;;Tuy I4L;;;Sou;;;;12,76;Arcus;141,12;BC04L DN300 PN16;;;;;;;;;
4;;Bco.I4S.350;Inox 304L - Soude;DN350;Bride à collerettes T11;355,6x4;EN 10217-7;;U;;Tuy I4L;;;Sou;;;;14,01;Arcus;247,12;BC04L DN350 PN16;;;;;;;;;
;;Bco.I4S.400;Inox 304L - Soude;DN400;Bride à collerettes T11;406,4x4;EN 10217-7;;U;;Tuy I4L;;;Sou;;;;16;Arcus;;;;;;;;;;;
;;Bco.I4S.450;Inox 304L - Soude;DN450;Bride à collerettes T11;457,2x4;EN 10217-7;;U;;Tuy I4L;;;Sou;;;;18;Arcus;;;;;;;;;;;
;;Bco.I4S.500;Inox 304L - Soude;DN500;Bride à collerettes T11;508,0x5;EN 10217-7;;U;;Tuy I4L;;;Sou;;;;20;Arcus;;;;;;;;;;;
;;;;;;;;;;;;;;;;;;;;;;;;;;;;;;
;;BEm.I4S.50;Inox 304L - Soude;DN50;Bride emboutie+collet;60,3x2;EN 10217-7;;U;;Tuy I4L;;;Sou;;;;2,38;;;;;;;;;;;;
;;BEm.I4S.65;Inox 304L - Soude;DN65;Bride emboutie+collet;76,1x2;EN 10217-7;;U;;Tuy I4L;;;Sou;;;;3;;;;;;;;;;;;
;;BEm.I4S.80;Inox 304L - Soude;DN80;Bride emboutie+collet;88,9x2;EN 10217-7;;U;;Tuy I4L;;;Sou;;;;3,51;;;;;;;;;;;;
;;BEm.I4S.100;Inox 304L - Soude;DN100;Bride emboutie+collet;114,3x2;EN 10217-7;;U;;Tuy I4L;;;Sou;;;;4,5;;;;;;;;;;;;
;;BEm.I4S.125;Inox 304L - Soude;DN125;Bride emboutie+collet;139,7x2;EN 10217-7;;U;;Tuy I4L;;;Sou;;;;5,5;;;;;;;;;;;;
;;BEm.I4S.150;Inox 304L - Soude;DN150;Bride emboutie+collet;168,3x2;EN 10217-7;;U;;Tuy I4L;;;Sou;;;;6,63;;;;;;;;;;;;
;;BEm.I4S.200;Inox 304L - Soude;DN200;Bride emboutie+collet;219,1x2;EN 10217-7;;U;;Tuy I4L;;;Sou;;;;8,64;;;;;;;;;;;;
;;BEm.I4S.250;Inox 304L - Soude;DN250;Bride emboutie+collet;273,0x3;EN 10217-7;;U;;Tuy I4L;;;Sou;;;;10,75;;;;;;;;;;;;
;;BEm.I4S.300;Inox 304L - Soude;DN300;Bride emboutie+collet;323,9x3;EN 10217-7;;U;;Tuy I4L;;;Sou;;;;12,76;;;;;;;;;;;;
;;BEm.I4S.350;Inox 304L - Soude;DN350;Bride emboutie+collet;355,6x4;EN 10217-7;;U;;Tuy I4L;;;Sou;;;;14,01;;;;;;;;;;;;
;;BEm.I4S.400;Inox 304L - Soude;DN400;Bride emboutie+collet;406,4x4;EN 10217-7;;U;;Tuy I4L;;;Sou;;;;16;;;;;;;;;;;;
;;BEm.I4S.450;Inox 304L - Soude;DN450;Bride emboutie+collet;457,2x4;EN 10217-7;;U;;Tuy I4L;;;Sou;;;;18;;;;;;;;;;;;
;;BEm.I4S.500;Inox 304L - Soude;DN500;Bride emboutie+collet;508,0x5;EN 10217-7;;U;;Tuy I4L;;;Sou;;;;20;;;;;;;;;;;;
;;;;;;;;;;;;;;;;;;;;;;;;;;;;;;
3;;BPl.I4S.15;Inox 304L - Soude;DN15;Bride pleine;21,3x1,6;EN 10217-7;;U;;Tuy I4L;;;Sou;;;;0,84;Arcus;5,24;BP04L DN15 PN40;;;;;;;;;
3;;BPl.I4S.20;Inox 304L - Soude;DN20;Bride pleine;26,9x2;EN 10217-7;;U;;Tuy I4L;;;Sou;;;;1,06;Arcus;7,3;BP04L DN20 PN40;;;;;;;;;
3;;BPl.I4S.25;Inox 304L - Soude;DN25;Bride pleine;33,7x2;EN 10217-7;;U;;Tuy I4L;;;Sou;;;;1,33;Arcus;8,36;BP04L DN25 PN40;;;;;;;;;
3;;BPl.I4S.32;Inox 304L - Soude;DN32;Bride pleine;42,4x2;EN 10217-7;;U;;Tuy I4L;;;Sou;;;;1,67;Arcus;12,7;BP04L DN32 PN40;;;;;;;;;
3;;BPl.I4S.40;Inox 304L - Soude;DN40;Bride pleine;48,3x2;EN 10217-7;;U;;Tuy I4L;;;Sou;;;;1,91;Arcus;14,07;BP04L DN40 PN40;;;;;;;;;
3;;BPl.I4S.50;Inox 304L - Soude;DN50;Bride pleine;60,3x2;EN 10217-7;;U;;Tuy I4L;;;Sou;;;;2,38;Arcus;17,08;BP04L DN50 PN10;;;;;;;;;
3;;BPl.I4S.65;Inox 304L - Soude;DN65;Bride pleine;76,1x2;EN 10217-7;;U;;Tuy I4L;;;Sou;;;;3;Arcus;20,04;BP04L DN65 PN10;;;;;;;;;
3;;BPl.I4S.80;Inox 304L - Soude;DN80;Bride pleine;88,9x2;EN 10217-7;;U;;Tuy I4L;;;Sou;;;;3,51;Arcus;25,47;BP04L DN80 PN10;;;;;;;;;
3;;BPl.I4S.100;Inox 304L - Soude;DN100;Bride pleine;114,3x2;EN 10217-7;;U;;Tuy I4L;;;Sou;;;;4,5;Arcus;32,21;BP04L DN100 PN10;;;;;;;;;
3;;BPl.I4S.125;Inox 304L - Soude;DN125;Bride pleine;139,7x2;EN 10217-7;;U;;Tuy I4L;;;Sou;;;;5,5;Arcus;45,36;BP04L DN125 PN10;;;;;;;;;
3;;BPl.I4S.150;Inox 304L - Soude;DN150;Bride pleine;168,3x2;EN 10217-7;;U;;Tuy I4L;;;Sou;;;;6,63;Arcus;57,77;BP04L DN150 PN10;;;;;;;;;
;;BPl.I4S.200;Inox 304L - Soude;DN200;Bride pleine;219,1x2;EN 10217-7;;U;;Tuy I4L;;;Sou;;;;8,64;Arcus;;BP04L DN200 PN16;;;;;;;;;
;;BPl.I4S.250;Inox 304L - Soude;DN250;Bride pleine;273,0x3;EN 10217-7;;U;;Tuy I4L;;;Sou;;;;10,75;Arcus;;BP04L DN250 PN16;;;;;;;;;
;;BPl.I4S.300;Inox 304L - Soude;DN300;Bride pleine;323,9x3;EN 10217-7;;U;;Tuy I4L;;;Sou;;;;12,76;Arcus;;BP04L DN300 PN16;;;;;;;;;
;;BPl.I4S.350;Inox 304L - Soude;DN350;Bride pleine;355,6x4;EN 10217-7;;U;;Tuy I4L;;;Sou;;;;14,01;;;;;;;;;;;;
;;BPl.I4S.400;Inox 304L - Soude;DN400;Bride pleine;406,4x4;EN 10217-7;;U;;Tuy I4L;;;Sou;;;;16;;;;;;;;;;;;
;;BPl.I4S.450;Inox 304L - Soude;DN450;Bride pleine;457,2x4;EN 10217-7;;U;;Tuy I4L;;;Sou;;;;18;;;;;;;;;;;;
;;BPl.I4S.500;Inox 304L - Soude;DN500;Bride pleine;508,0x5;EN 10217-7;;U;;Tuy I4L;;;Sou;;;;20;;;;;;;;;;;;
;;;;;;;;;;;;;;;;;;;;;;;;;;;;;;
3;;FdB.I4S.15;Inox 304L - Soude;DN15;Fond bombe;21,3x1,6;EN 10217-7;;U;;Tuy I4L;;;Sou;;;;0,84;Arcus;1,05;FB304L 21.3X2;;;;;;;;;
3;;FdB.I4S.20;Inox 304L - Soude;DN20;Fond bombe;26,9x2;EN 10217-7;;U;;Tuy I4L;;;Sou;;;;1,06;Arcus;1,22;FB304L 26.9X2;;;;;;;;;
3;;FdB.I4S.25;Inox 304L - Soude;DN25;Fond bombe;33,7x2;EN 10217-7;;U;;Tuy I4L;;;Sou;;;;1,33;Arcus;2,96;FB304L 33.7X2;;;;;;;;;
3;;FdB.I4S.32;Inox 304L - Soude;DN32;Fond bombe;42,4x2;EN 10217-7;;U;;Tuy I4L;;;Sou;;;;1,67;Arcus;3,06;FB304L 42.4X2;;;;;;;;;
3;;FdB.I4S.40;Inox 304L - Soude;DN40;Fond bombe;48,3x2;EN 10217-7;;U;;Tuy I4L;;;Sou;;;;1,91;Arcus;3,15;FB304L 48.3X2;;;;;;;;;
3;;FdB.I4S.50;Inox 304L - Soude;DN50;Fond bombe;60,3x2;EN 10217-7;;U;;Tuy I4L;;;Sou;;;;2,38;Arcus;3,47;FB304L 60.3X2;;;;;;;;;
3;;FdB.I4S.65;Inox 304L - Soude;DN65;Fond bombe;76,1x2;EN 10217-7;;U;;Tuy I4L;;;Sou;;;;3;Arcus;3,89;FB304L 76.1X2;;;;;;;;;
3;;FdB.I4S.80;Inox 304L - Soude;DN80;Fond bombe;88,9x2;EN 10217-7;;U;;Tuy I4L;;;Sou;;;;3,51;Arcus;4,46;FB304L 88.9X2;;;;;;;;;
3;;FdB.I4S.100;Inox 304L - Soude;DN100;Fond bombe;114,3x2;EN 10217-7;;U;;Tuy I4L;;;Sou;;;;4,5;Arcus;5,09;FB304L 114.3X2;;;;;;;;;
3;;FdB.I4S.125;Inox 304L - Soude;DN125;Fond bombe;139,7x2;EN 10217-7;;U;;Tuy I4L;;;Sou;;;;5,5;Arcus;6,93;FB304L 139.7X2;;;;;;;;;
3;;FdB.I4S.150;Inox 304L - Soude;DN150;Fond bombe;168,3x2;EN 10217-7;;U;;Tuy I4L;;;Sou;;;;6,63;Arcus;9,36;FB304L 168.3X2;;;;;;;;;
3;;FdB.I4S.200;Inox 304L - Soude;DN200;Fond bombe;219,1x2;EN 10217-7;;U;;Tuy I4L;;;Sou;;;;8,64;Arcus;16,65;FB304L 219.1X2;;;;;;;;;
3;;FdB.I4S.250;Inox 304L - Soude;DN250;Fond bombe;273,0x3;EN 10217-7;;U;;Tuy I4L;;;Sou;;;;10,75;Arcus;26,1;FB304L 273X2;;;;;;;;;
3;;FdB.I4S.300;Inox 304L - Soude;DN300;Fond bombe;323,9x3;EN 10217-7;;U;;Tuy I4L;;;Sou;;;;12,76;Arcus;31,47;FB304L 323.9X2;;;;;;;;;
3;;FdB.I4S.350;Inox 304L - Soude;DN350;Fond bombe;355,6x4;EN 10217-7;;U;;Tuy I4L;;;Sou;;;;14,01;Arcus;61,23;FB304L 355.6X3;;;;;;;;;
3;;FdB.I4S.400;Inox 304L - Soude;DN400;Fond bombe;406,4x4;EN 10217-7;;U;;Tuy I4L;;;Sou;;;;16;Arcus;77,52;FB304L 406.4X3;;;;;;;;;
2;;FdB.I4S.450;Inox 304L - Soude;DN450;Fond bombe;457,2x4;EN 10217-7;;U;;Tuy I4L;;;Sou;;;;18;Arcus;106;FB304L 457.2X4;;;;;;;;;
1;;FdB.I4S.500;Inox 304L - Soude;DN500;Fond bombe;508,0x5;EN 10217-7;;U;;Tuy I4L;;;Sou;;;;20;Arcus;134,63;FB304L 508X3;;;;;;;;;
;;;;;;;;;;;;;;;;;;;;;;;;;;;;;;
2;;DBM.I4S.15;Inox 304L - Soude;DN15;Demi bobine soude/M;21,3x1,6;EN 10217-7;;U;;Tuy I4L;;;Sou;;;;0,84;Arcus;0,6;EM15;;;;;;;;;
2;;DBM.I4S.20;Inox 304L - Soude;DN20;Demi bobine soude/M;26,9x2;EN 10217-7;;U;;Tuy I4L;;;Sou;;;;1,06;Arcus;0,85;EM20;;;;;;;;;
2;;DBM.I4S.25;Inox 304L - Soude;DN25;Demi bobine soude/M;33,7x2;EN 10217-7;;U;;Tuy I4L;;;Sou;;;;1,33;Arcus;1,05;EM26;;;;;;;;;
2;;DBM.I4S.32;Inox 304L - Soude;DN32;Demi bobine soude/M;42,4x2;EN 10217-7;;U;;Tuy I4L;;;Sou;;;;1,67;Arcus;1,4;EM32;;;;;;;;;
2;;DBM.I4S.40;Inox 304L - Soude;DN40;Demi bobine soude/M;48,3x2;EN 10217-7;;U;;Tuy I4L;;;Sou;;;;1,91;Arcus;1,72;EM40;;;;;;;;;
2;;DBM.I4S.50;Inox 304L - Soude;DN50;Demi bobine soude/M;60,3x2;EN 10217-7;;U;;Tuy I4L;;;Sou;;;;2,38;Arcus;2,62;EM50;;;;;;;;;
2;;DBM.I4S.65;Inox 304L - Soude;DN65;Demi bobine soude/M;76,1x2;EN 10217-7;;U;;Tuy I4L;;;Sou;;;;3;Arcus;3,98;EM65;;;;;;;;;
;;;;;;;;;;;;;;;;;;;;;;;;;;;;;;
2;;UnF.I4S.15;Inox 304L - Soude;DN15;Union soude/F;21,3x1,6;EN 10217-7;;U;;Tuy I4L;;;Sou;;;;0,84;Arcus;4,62;RLF15;;;;;;;;;
2;;UnF.I4S.20;Inox 304L - Soude;DN20;Union soude/F;26,9x2;EN 10217-7;;U;;Tuy I4L;;;Sou;;;;1,06;Arcus;5,89;RLF20;;;;;;;;;
2;;UnF.I4S.25;Inox 304L - Soude;DN25;Union soude/F;33,7x2;EN 10217-7;;U;;Tuy I4L;;;Sou;;;;1,33;Arcus;6,79;RLF26;;;;;;;;;
2;;UnF.I4S.32;Inox 304L - Soude;DN32;Union soude/F;42,4x2;EN 10217-7;;U;;Tuy I4L;;;Sou;;;;1,67;Arcus;9,62;RLF 32;;;;;;;;;
2;;UnF.I4S.40;Inox 304L - Soude;DN40;Union soude/F;48,3x2;EN 10217-7;;U;;Tuy I4L;;;Sou;;;;1,91;Arcus;10,76;RLF40;;;;;;;;;
2;;UnF.I4S.50;Inox 304L - Soude;DN50;Union soude/F;60,3x2;EN 10217-7;;U;;Tuy I4L;;;Sou;;;;2,38;Arcus;13,85;RLF50;;;;;;;;;
2;;UnF.I4S.65;Inox 304L - Soude;DN65;Union soude/F;76,1x2;EN 10217-7;;U;;Tuy I4L;;;Sou;;;;3;Arcus;;RLF65JP;;;;;;;;;
;;;;;;;;;;;;;;;;;;;;;;;;;;;;;;
;;UnM.I4S.15;Inox 304L - Soude;DN15;Union soude/M;21,3x1,6;EN 10217-7;;U;;Tuy I4L;;;Sou;;;;0,84;;;;;;;;;;;;
;;UnM.I4S.20;Inox 304L - Soude;DN20;Union soude/M;26,9x2;EN 10217-7;;U;;Tuy I4L;;;Sou;;;;1,06;;;;;;;;;;;;
;;UnM.I4S.25;Inox 304L - Soude;DN25;Union soude/M;33,7x2;EN 10217-7;;U;;Tuy I4L;;;Sou;;;;1,33;;;;;;;;;;;;
;;UnM.I4S.32;Inox 304L - Soude;DN32;Union soude/M;42,4x2;EN 10217-7;;U;;Tuy I4L;;;Sou;;;;1,67;;;;;;;;;;;;
;;UnM.I4S.40;Inox 304L - Soude;DN40;Union soude/M;48,3x2;EN 10217-7;;U;;Tuy I4L;;;Sou;;;;1,91;;;;;;;;;;;;
;;UnM.I4S.50;Inox 304L - Soude;DN50;Union soude/M;60,3x2;EN 10217-7;;U;;Tuy I4L;;;Sou;;;;2,38;;;;;;;;;;;;
;;UnM.I4S.65;Inox 304L - Soude;DN65;Union soude/M;76,1x2;EN 10217-7;;U;;Tuy I4L;;;Sou;;;;3;;;;;;;;;;;;
;;;;;;;;;;;;;;;;;;;;;;;;;;;;;;
;;Var.I4S.15;;DN15;Vanne d'arret RBS;21,3x1,6;;;U;;Rob;;0,8;Sou;;;;;;;;;;;;;;;;
;;Var.I4S.20;;DN20;Vanne d'arret RBS;26,9x2;;;U;;Rob;;0,85;Sou;;;;;;;;;;;;;;;;
;;Var.I4S.25;;DN25;Vanne d'arret RBS;33,7x2;;;U;;Rob;;0,9;Sou;;;;;;;;;;;;;;;;
;;Var.I4S.32;;DN32;Vanne d'arret RBS;42,4x2;;;U;;Rob;;1;Sou;;;;;;;;;;;;;;;;
;;Var.I4S.40;;DN40;Vanne d'arret RBS;48,3x2;;;U;;Rob;;1,1;Sou;;;;;;;;;;;;;;;;
;;Var.I4S.50;;DN50;Vanne d'arret RBS;60,3x2;;;U;;Rob;;1,25;Sou;;;;;;;;;;;;;;;;
;;Var.I4S.65;;DN65;Vanne d'arret pap - bride;76,1x2;;;U;;Rob;;2,45;Sou;;;;;;;;;;;;;;;;
;;Var.I4S.80;;DN80;Vanne d'arret pap - bride;88,9x2;;;U;;Rob;;2,85;Sou;;;;;;;;;;;;;;;;
;;Var.I4S.100;;DN100;Vanne d'arret pap - bride;114,3x2;;;U;;Rob;;3,45;Sou;;;;;;;;;;;;;;;;
;;Var.I4S.125;;DN125;Vanne d'arret pap - bride;139,7x2;;;U;;Rob;;4,15;Sou;;;;;;;;;;;;;;;;
;;Var.I4S.150;;DN150;Vanne d'arret pap - bride;168,3x2;;;U;;Rob;;4,9;Sou;;;;;;;;;;;;;;;;
;;Var.I4S.200;;DN200;Vanne d'arret pap - bride;219,1x2;;;U;;Rob;;6,5;Sou;;;;;;;;;;;;;;;;
;;Var.I4S.250;;DN250;Vanne d'arret pap - bride;273,0x3;;;U;;Rob;;7,65;Sou;;;;;;;;;;;;;;;;
;;Var.I4S.300;;DN300;Vanne d'arret pap - bride;323,9x3;;;U;;Rob;;;Sou;;;;;;;;;;;;;;;;
;;Var.I4S.350;;DN350;Vanne d'arret pap - bride;355,6x4;;;U;;Rob;;;Sou;;;;;;;;;;;;;;;;
;;Var.I4S.400;;DN400;Vanne d'arret pap - bride;406,4x4;;;U;;Rob;;;Sou;;;;;;;;;;;;;;;;
;;Var.I4S.450;;DN450;Vanne d'arret pap - bride;457,2x4;;;U;;Rob;;;Sou;;;;;;;;;;;;;;;;
;;Var.I4S.500;;DN500;Vanne d'arret pap - bride;508,0x5;;;U;;Rob;;;;;;;;;;;;;;;;;;;
;;;;;;;;;;;;;;;;;;;;;;;;;;;;;;
;8;Fil.I4S.15;;DN15;Filtre a tamis;21,3x1,6;;;U;;Rob;;0,8;Sou;;;;;;;;;;;;;;;;
;8;Fil.I4S.20;;DN20;Filtre a tamis;26,9x2;;;U;;Rob;;0,85;Sou;;;;;;;;;;;;;;;;
;8;Fil.I4S.25;;DN25;Filtre a tamis;33,7x2;;;U;;Rob;;0,9;Sou;;;;;;;;;;;;;;;;
;8;Fil.I4S.32;;DN32;Filtre a tamis;42,4x2;;;U;;Rob;;1;Sou;;;;;;;;;;;;;;;;
;8;Fil.I4S.40;;DN40;Filtre a tamis;48,3x2;;;U;;Rob;;1,1;Sou;;;;;;;;;;;;;;;;
;8;Fil.I4S.50;;DN50;Filtre a tamis;60,3x2;;;U;;Rob;;1,25;Sou;;;;;;;;;;;;;;;;
;8;Fil.I4S.65;;DN65;Filtre a tamis bride;76,1x2;;;U;;Rob;;2,45;Sou;;;;;;;;https://www.cgr-robinetterie.fr/fr/p/manchons-antivibratoires/manchon-antivib-indus-a-brid_ref-337e-base/;;;;;;;;
;8;Fil.I4S.80;;DN80;Filtre a tamis bride;88,9x2;;;U;;Rob;;2,85;Sou;;;;;;;;;;;;;;;;
;8;Fil.I4S.100;;DN100;Filtre a tamis bride;114,3x2;;;U;;Rob;;3,45;Sou;;;;;;;;;;;;;;;;
;8;Fil.I4S.125;;DN125;Filtre a tamis bride;139,7x2;;;U;;Rob;;4,15;Sou;;;;;;;;;;;;;;;;
;8;Fil.I4S.150;;DN150;Filtre a tamis bride;168,3x2;;;U;;Rob;;4,9;Sou;;;;;;;;;;;;;;;;
;8;Fil.I4S.200;;DN200;Filtre a tamis bride;219,1x2;;;U;;Rob;;6,5;Sou;;;;;;;;;;;;;;;;
;8;Fil.I4S.250;;DN250;Filtre a tamis bride;273,0x3;;;U;;Rob;;7,65;Sou;;;;;;;;;;;;;;;;
;;Fil.I4S.300;;DN300;Filtre a tamis bride;323,9x3;;;U;;Rob;;;Sou;;;;;;;;;;;;;;;;
;;Fil.I4S.350;;DN350;Filtre a tamis bride;355,6x4;;;U;;Rob;;;Sou;;;;;;;;;;;;;;;;
;;Fil.I4S.400;;DN400;Filtre a tamis bride;406,4x4;;;U;;Rob;;;Sou;;;;;;;;;;;;;;;;
;;Fil.I4S.450;;DN450;Filtre a tamis bride;457,2x4;;;U;;Rob;;;Sou;;;;;;;;;;;;;;;;
;;Fil.I4S.500;;DN500;Filtre a tamis bride;508,0x5;;;U;;Rob;;;Sou;;;;;;;;;;;;;;;;
;;;;;;;;;;;;;;;;;;;;;;;;;;;;;;
2;8;AV.16.15;;DN15;Anti-vibratile EPDM PN16 bride;21,3x1,6;;;U;;Rob;;;Sou;;;;;;;;https://www.cgr-robinetterie.fr/fr/p/manchons-antivibratoires/manchon-antivib-indus-a-brid_ref-337e-base/;;;;;;;;
2;8;AV.16.20;;DN20;Anti-vibratile EPDM PN16 bride;26,9x2;;;U;;Rob;;;Sou;;;;;;;;https://www.cgr-robinetterie.fr/fr/p/manchons-antivibratoires/manchon-antivib-indus-a-brid_ref-337e-base/;;;;;;;;
2;8;AV.16.25;;DN25;Anti-vibratile EPDM PN16 bride;33,7x2;;;U;;Rob;;;Sou;;;;;;;;https://www.cgr-robinetterie.fr/fr/p/manchons-antivibratoires/manchon-antivib-indus-a-brid_ref-337e-base/;;;;;;;;
2;8;AV.16.32;;DN32;Anti-vibratile EPDM PN16 bride;42,4x2;;;U;;Rob;;;Sou;;;;;;;;https://www.cgr-robinetterie.fr/fr/p/manchons-antivibratoires/manchon-antivib-indus-a-brid_ref-337e-base/;;;;;;;;
2;8;AV.16.40;;DN40;Anti-vibratile EPDM PN16 bride;48,3x2;;;U;;Rob;;;Sou;;;;;;;;https://www.cgr-robinetterie.fr/fr/p/manchons-antivibratoires/manchon-antivib-indus-a-brid_ref-337e-base/;;;;;;;;
2;8;AV.16.50;;DN50;Anti-vibratile EPDM PN16 bride;60,3x2;;;U;;Rob;;1,25;Sou;;;;;;162,318;;https://www.cgr-robinetterie.fr/fr/p/manchons-antivibratoires/manchon-antivib-indus-a-brid_ref-337e-base/;;;;;;;;
2;8;AV.16.65;;DN65;Anti-vibratile EPDM PN16 bride;76,1x2;;;U;;Rob;;1,6;Sou;;;;;;182,921;;https://www.cgr-robinetterie.fr/fr/p/manchons-antivibratoires/manchon-antivib-indus-a-brid_ref-337e-base/;;;;;;;;
2;8;AV.16.80;;DN80;Anti-vibratile EPDM PN16 bride;88,9x2;;;U;;Rob;;1,9;Sou;;;;;;200,826;;https://www.cgr-robinetterie.fr/fr/p/manchons-antivibratoires/manchon-antivib-indus-a-brid_ref-337e-base/;;;;;;;;
2;8;AV.16.100;;DN100;Anti-vibratile EPDM PN16 bride;114,3x2;;;U;;Rob;;2,25;Sou;;;;;;225,3085;;https://www.cgr-robinetterie.fr/fr/p/manchons-antivibratoires/manchon-antivib-indus-a-brid_ref-337e-base/;;;;;;;;
2;8;AV.16.125;;DN125;Anti-vibratile EPDM PN16 bride;139,7x2;;;U;;Rob;;2,5;Sou;;;;;;273,4825;;https://www.cgr-robinetterie.fr/fr/p/manchons-antivibratoires/manchon-antivib-indus-a-brid_ref-337e-base/;;;;;;;;
2;8;AV.16.150;;DN150;Anti-vibratile EPDM PN16 bride;168,3x2;;;U;;Rob;;3;Sou;;;;;;331,8525;;https://www.cgr-robinetterie.fr/fr/p/manchons-antivibratoires/manchon-antivib-indus-a-brid_ref-337e-base/;;;;;;;;
2;8;AV.16.200;;DN200;Anti-vibratile EPDM PN16 bride;219,1x2;;;U;;Rob;;4;Sou;;;;;;566,195;;https://www.cgr-robinetterie.fr/fr/p/manchons-antivibratoires/manchon-antivib-indus-a-brid_ref-337e-base/;;;;;;;;
2;8;AV.16.250;;DN250;Anti-vibratile EPDM PN16 bride;273,0x3;;;U;;Rob;;4,8;Sou;;;;;;902,07;;https://www.cgr-robinetterie.fr/fr/p/manchons-antivibratoires/manchon-antivib-indus-a-brid_ref-337e-base/;;;;;;;;
2;8;AV.16.300;;DN300;Anti-vibratile EPDM PN16 bride;323,9x3;;;U;;Rob;;8;Sou;;;;;;1128,9075;;https://www.cgr-robinetterie.fr/fr/p/manchons-antivibratoires/manchon-antivib-indus-a-brid_ref-337e-base/;;;;;;;;
;;;;;;;;;;;;;;;;;;;;;;;;;;;;;;
5;;Cal.F2.15;Kooltherm;DN15;Calo froid C2 alu;Classe 2;;;m²;;Cal;;;Cal;;;;;;;;;;;;;;;;
5;;Cal.F2.20;Kooltherm;DN20;Calo froid C2 alu;Classe 2;;;m²;;Cal;;;Cal;;;;;;;;;;;;;;;;
5;;Cal.F2.25;Kooltherm;DN25;Calo froid C2 alu;Classe 2;;;m²;;Cal;;;Cal;;;;;;;;;;;;;;;;
5;;Cal.F2.32;Kooltherm;DN32;Calo froid C2 alu;Classe 2;;;m²;;Cal;;;Cal;;;;;;;;;;;;;;;;
5;;Cal.F2.40;Kooltherm;DN40;Calo froid C2 alu;Classe 2;;;m²;;Cal;;;Cal;;;;;;;;;;;;;;;;
5;;Cal.F2.50;Kooltherm;DN50;Calo froid C2 alu;Classe 2;;;m²;;Cal;;;Cal;;;;;;;;;;;;;;;;
5;;Cal.F2.65;Kooltherm;DN65;Calo froid C2 alu;Classe 2;;;m²;;Cal;;;Cal;;;;;;;;;;;;;;;;
5;;Cal.F2.80;Kooltherm;DN80;Calo froid C2 alu;Classe 2;;;m²;;Cal;;;Cal;;;;;;;;;;;;;;;;
5;;Cal.F2.100;Kooltherm;DN100;Calo froid C2 alu;Classe 2;;;m²;;Cal;;;Cal;;;;;;;;;;;;;;;;
5;;Cal.F2.125;Kooltherm;DN125;Calo froid C2 alu;Classe 2;;;m²;;Cal;;;Cal;;;;;;;;;;;;;;;;
5;;Cal.F2.150;Kooltherm;DN150;Calo froid C2 alu;Classe 2;;;m²;;Cal;;;Cal;;;;;;;;;;;;;;;;
5;;Cal.F2.200;Kooltherm;DN200;Calo froid C2 alu;Classe 2;;;m²;;Cal;;;Cal;;;;;;;;;;;;;;;;
5;;Cal.F2.250;Kooltherm;DN250;Calo froid C2 alu;Classe 2;;;m²;;Cal;;;Cal;;;;;;;;;;;;;;;;
5;;Cal.F2.300;Kooltherm;DN300;Calo froid C2 alu;Classe 2;;;m²;;Cal;;;Cal;;;;;;;;;;;;;;;;
5;;Cal.F2.350;Kooltherm;DN350;Calo froid C2 alu;Classe 2;;;m²;;Cal;;;Cal;;;;;;;;;;;;;;;;
5;;Cal.F2.400;Kooltherm;DN400;Calo froid C2 alu;Classe 2;;;m²;;Cal;;;Cal;;;;;;;;;;;;;;;;
5;;Cal.F2.450;Kooltherm;DN450;Calo froid C2 alu;Classe 2;;;m²;;Cal;;;Cal;;;;;;;;;;;;;;;;
5;;Cal.F2.500;Kooltherm;DN500;Calo froid C2 alu;Classe 2;;;m²;;Cal;;;Cal;;;;;;;;;;;;;;;;
;;;;;;;;;;;;;;;;;;;;;;;;;;;;;;
5;;Cal.F3.15;Kooltherm;DN15;Calo froid C3 alu;Classe 3;21,3x20;;m²;;Cal;;;Cal;;;;;;;;;;;;;;;;
5;;Cal.F3.20;Kooltherm;DN20;Calo froid C3 alu;Classe 3;26,9x20;;m²;;Cal;;;Cal;;;;;;;;;;;;;;;;
5;;Cal.F3.25;Kooltherm;DN25;Calo froid C3 alu;Classe 3;33,7x20;;m²;;Cal;;;Cal;;;;;;;;;;;;;;;;
5;;Cal.F3.32;Kooltherm;DN32;Calo froid C3 alu;Classe 3;42,4x25;;m²;;Cal;;;Cal;;;;;;;;;;;;;;;;
5;;Cal.F3.40;Kooltherm;DN40;Calo froid C3 alu;Classe 3;48,3x25;;m²;;Cal;;;Cal;;;;;;;;;;;;;;;;
5;;Cal.F3.50;Kooltherm;DN50;Calo froid C3 alu;Classe 3;60,3x30;;m²;;Cal;;;Cal;;;;;;;;;;;;;;;;
5;;Cal.F3.65;Kooltherm;DN65;Calo froid C3 alu;Classe 3;76,1x30;;m²;;Cal;;;Cal;;;;;;;;;;;;;;;;
5;;Cal.F3.80;Kooltherm;DN80;Calo froid C3 alu;Classe 3;88,9x40;;m²;;Cal;;;Cal;;;;;;;;;;;;;;;;
5;;Cal.F3.100;Kooltherm;DN100;Calo froid C3 alu;Classe 3;114,3x40;;m²;;Cal;;;Cal;;;;;;;;;;;;;;;;
5;;Cal.F3.125;Kooltherm;DN125;Calo froid C3 alu;Classe 3;139,7x40;;m²;;Cal;;;Cal;;;;;;;;;;;;;;;;
5;;Cal.F3.150;Kooltherm;DN150;Calo froid C3 alu;Classe 3;168,3x40;;m²;;Cal;;;Cal;;;;;;;;;;;;;;;;
5;;Cal.F3.200;Kooltherm;DN200;Calo froid C3 alu;Classe 3;219,1x50;;m²;;Cal;;;Cal;;;;;;;;;;;;;;;;
5;;Cal.F3.250;Kooltherm;DN250;Calo froid C3 alu;Classe 3;273,0x50;;m²;;Cal;;;Cal;;;;;;;;;;;;;;;;
5;;Cal.F3.300;Kooltherm;DN300;Calo froid C3 alu;Classe 3;;;m²;;Cal;;;Cal;;;;;;;;;;;;;;;;
5;;Cal.F3.350;Kooltherm;DN350;Calo froid C3 alu;Classe 3;;;m²;;Cal;;;Cal;;;;;;;;;;;;;;;;
5;;Cal.F3.400;Kooltherm;DN400;Calo froid C3 alu;Classe 3;;;m²;;Cal;;;Cal;;;;;;;;;;;;;;;;
5;;Cal.F3.450;Kooltherm;DN450;Calo froid C3 alu;Classe 3;;;m²;;Cal;;;Cal;;;;;;;;;;;;;;;;
5;;Cal.F3.500;Kooltherm;DN500;Calo froid C3 alu;Classe 3;;;m²;;Cal;;;Cal;;;;;;;;;;;;;;;;
;;;;;;;;;;;;;;;;;;;;;;;;;;;;;;
5;;Cal.F4.15;Kooltherm;DN15;Calo froid C4 alu;Classe 4;21,3x20;;m²;;Cal;;;Cal;;;;;;;;;;;;;;;;
5;;Cal.F4.20;Kooltherm;DN20;Calo froid C4 alu;Classe 4;26,9x25;;m²;;Cal;;;Cal;;;;;;;;;;;;;;;;
5;;Cal.F4.25;Kooltherm;DN25;Calo froid C4 alu;Classe 4;33,7x30;;m²;;Cal;;;Cal;;;;;;;;;;;;;;;;
5;;Cal.F4.32;Kooltherm;DN32;Calo froid C4 alu;Classe 4;42,4x30;;m²;;Cal;;;Cal;;;;;;;;;;;;;;;;
5;;Cal.F4.40;Kooltherm;DN40;Calo froid C4 alu;Classe 4;48,3x40;;m²;;Cal;;;Cal;;;;;;;;;;;;;;;;
5;;Cal.F4.50;Kooltherm;DN50;Calo froid C4 alu;Classe 4;60,3x40;;m²;;Cal;;;Cal;;;;;;;;;;;;;;;;
5;;Cal.F4.65;Kooltherm;DN65;Calo froid C4 alu;Classe 4;76,1x50;;m²;;Cal;;;Cal;;;;;;;;;;;;;;;;
5;;Cal.F4.80;Kooltherm;DN80;Calo froid C4 alu;Classe 4;88,9x50;;m²;;Cal;;;Cal;;;;;;;;;;;;;;;;
5;;Cal.F4.100;Kooltherm;DN100;Calo froid C4 alu;Classe 4;114,3x50;;m²;;Cal;;;Cal;;;;;;;;;;;;;;;;
5;;Cal.F4.125;Kooltherm;DN125;Calo froid C4 alu;Classe 4;;;m²;;Cal;;;Cal;;;;;;;;;;;;;;;;
5;;Cal.F4.150;Kooltherm;DN150;Calo froid C4 alu;Classe 4;;;m²;;Cal;;;Cal;;;;;;;;;;;;;;;;
5;;Cal.F4.200;Kooltherm;DN200;Calo froid C4 alu;Classe 4;;;m²;;Cal;;;Cal;;;;;;;;;;;;;;;;
5;;Cal.F4.250;Kooltherm;DN250;Calo froid C4 alu;Classe 4;;;m²;;Cal;;;Cal;;;;;;;;;;;;;;;;
5;;Cal.F4.300;Kooltherm;DN300;Calo froid C4 alu;Classe 4;;;m²;;Cal;;;Cal;;;;;;;;;;;;;;;;
5;;Cal.F4.350;Kooltherm;DN350;Calo froid C4 alu;Classe 4;;;m²;;Cal;;;Cal;;;;;;;;;;;;;;;;
5;;Cal.F4.400;Kooltherm;DN400;Calo froid C4 alu;Classe 4;;;m²;;Cal;;;Cal;;;;;;;;;;;;;;;;
5;;Cal.F4.450;Kooltherm;DN450;Calo froid C4 alu;Classe 4;;;m²;;Cal;;;Cal;;;;;;;;;;;;;;;;
5;;Cal.F4.500;Kooltherm;DN500;Calo froid C4 alu;Classe 4;;;m²;;Cal;;;Cal;;;;;;;;;;;;;;;;
;;;;;;;;;;;;;;;;;;;;;;;;;;;;;;
;;Cal.C2.15;Rockwool 835;DN15;Calo chaud C2 nu;Classe 2;21.3×20;0,1926;m²;;Cal;;;Cal;;;;;;;;;;;;;;;;
;;Cal.C2.20;Rockwool 835;DN20;Calo chaud C2 nu;Classe 2;26.9×20;0,2102;m²;;Cal;;;Cal;;;;;;;;;;;;;;;;
;;Cal.C2.25;Rockwool 835;DN25;Calo chaud C2 nu;Classe 2;33.7×25;0,263;m²;;Cal;;;Cal;;;;;;;;;;;;;;;;
;;Cal.C2.32;Rockwool 835;DN32;Calo chaud C2 nu;Classe 2;42.4×25;0,2903;m²;;Cal;;;Cal;;;;;;;;;;;;;;;;
;;Cal.C2.40;Rockwool 835;DN40;Calo chaud C2 nu;Classe 2;48.3×30;0,3402;m²;;Cal;;;Cal;;;;;;;;;;;;;;;;
;;Cal.C2.50;Rockwool 835;DN50;Calo chaud C2 nu;Classe 2;60.3×30;0,3779;m²;;Cal;;;Cal;;;;;;;;;;;;;;;;
;;Cal.C2.65;Rockwool 835;DN65;Calo chaud C2 nu;Classe 2;76.1×40;0,4904;m²;;Cal;;;Cal;;;;;;;;;;;;;;;;
;;Cal.C2.80;Rockwool 835;DN80;Calo chaud C2 nu;Classe 2;88.9×40;0,5306;m²;;Cal;;;Cal;;;;;;;;;;;;;;;;
;;Cal.C2.100;Rockwool 835;DN100;Calo chaud C2 nu;Classe 2;114.3×40;0,6104;m²;;Cal;;;Cal;;;;;;;;;;;;;;;;
;;Cal.C2.125;Rockwool 835;DN125;Calo chaud C2 nu;Classe 2;139.7×50;0,753;m²;;Cal;;;Cal;;;;;;;;;;;;;;;;
;;Cal.C2.150;Rockwool 835;DN150;Calo chaud C2 nu;Classe 2;168.3×50;0,8429;m²;;Cal;;;Cal;;;;;;;;;;;;;;;;
;;Cal.C2.200;Rockwool 835;DN200;Calo chaud C2 nu;Classe 2;219.1×50;1,0025;m²;;Cal;;;Cal;;;;;;;;;;;;;;;;
;;Cal.C2.250;Rockwool 835;DN250;Calo chaud C2 nu;Classe 2;273.0×50;1,1718;m²;;Cal;;;Cal;;;;;;;;;;;;;;;;
;;Cal.C2.300;Rockwool 835;DN300;Calo chaud C2 nu;Classe 2;323.9×50;1,3317;m²;;Cal;;;Cal;;;;;;;;;;;;;;;;
;;Cal.C2.350;Rockwool 835;DN350;Calo chaud C2 nu;Classe 2;;;m²;;Cal;;;Cal;;;;;;;;;;;;;;;;
;;Cal.C2.400;Rockwool 835;DN400;Calo chaud C2 nu;Classe 2;;;m²;;Cal;;;Cal;;;;;;;;;;;;;;;;
;;Cal.C2.450;Rockwool 835;DN450;Calo chaud C2 nu;Classe 2;;;m²;;Cal;;;Cal;;;;;;;;;;;;;;;;
;;Cal.C2.500;Rockwool 835;DN500;Calo chaud C2 nu;Classe 2;;;m²;;Cal;;;Cal;;;;;;;;;;;;;;;;
;;;;;;;;;;;;;;;;;;;;;;;;;;;;;;
;;Cal.C3.15;Rockwool 835;DN15;Calo chaud C3 nu;Classe 3;21,3x20;0,1926;m²;;Cal;;;Cal;;;;;;;;;;;;;;;;
;;Cal.C3.20;Rockwool 835;DN20;Calo chaud C3 nu;Classe 3;26,9x20;0,2102;m²;;Cal;;;Cal;;;;;;;;;;;;;;;;
;;Cal.C3.25;Rockwool 835;DN25;Calo chaud C3 nu;Classe 3;33,7x25;0,263;m²;;Cal;;;Cal;;;;;;;;;;;;;;;;
;;Cal.C3.32;Rockwool 835;DN32;Calo chaud C3 nu;Classe 3;42,4x25;0,2903;m²;;Cal;;;Cal;;;;;;;;;;;;;;;;
;;Cal.C3.40;Rockwool 835;DN40;Calo chaud C3 nu;Classe 3;48,3x30;0,3402;m²;;Cal;;;Cal;;;;;;;;;;;;;;;;
;;Cal.C3.50;Rockwool 835;DN50;Calo chaud C3 nu;Classe 3;60,3x30;0,3779;m²;;Cal;;;Cal;;;;;;;;;;;;;;;;
;;Cal.C3.65;Rockwool 835;DN65;Calo chaud C3 nu;Classe 3;76,1x40;0,4904;m²;;Cal;;;Cal;;;;;;;;;;;;;;;;
;;Cal.C3.80;Rockwool 835;DN80;Calo chaud C3 nu;Classe 3;88,9x40;0,5306;m²;;Cal;;;Cal;;;;;;;;;;;;;;;;
;;Cal.C3.100;Rockwool 835;DN100;Calo chaud C3 nu;Classe 3;114,3x40;0,6104;m²;;Cal;;;Cal;;;;;;;;;;;;;;;;
;;Cal.C3.125;Rockwool 835;DN125;Calo chaud C3 nu;Classe 3;139,7x50;0,753;m²;;Cal;;;Cal;;;;;;;;;;;;;;;;
;;Cal.C3.150;Rockwool 835;DN150;Calo chaud C3 nu;Classe 3;168,3x50;0,8429;m²;;Cal;;;Cal;;;;;;;;;;;;;;;;
;;Cal.C3.200;Rockwool 835;DN200;Calo chaud C3 nu;Classe 3;219,1x50;1,0025;m²;;Cal;;;Cal;;;;;;;;;;;;;;;;
;;Cal.C3.250;Rockwool 835;DN250;Calo chaud C3 nu;Classe 3;273,0x50;1,1718;m²;;Cal;;;Cal;;;;;;;;;;;;;;;;
;;Cal.C3.300;Rockwool 835;DN300;Calo chaud C3 nu;Classe 3;323,9x50;1,3317;m²;;Cal;;;Cal;;;;;;;;;;;;;;;;
;;Cal.C3.350;Rockwool 835;DN350;Calo chaud C3 nu;Classe 3;;;m²;;Cal;;;Cal;;;;;;;;;;;;;;;;
;;Cal.C3.400;Rockwool 835;DN400;Calo chaud C3 nu;Classe 3;;;m²;;Cal;;;Cal;;;;;;;;;;;;;;;;
;;Cal.C3.450;Rockwool 835;DN450;Calo chaud C3 nu;Classe 3;;;m²;;Cal;;;Cal;;;;;;;;;;;;;;;;
;;Cal.C3.500;Rockwool 835;DN500;Calo chaud C3 nu;Classe 3;;;m²;;Cal;;;Cal;;;;;;;;;;;;;;;;
;;;;;;;;;;;;;;;;;;;;;;;;;;;;;;
;;Cal.C4.15;Rockwool 835;DN15;Calo chaud C4 nu;Classe 4;21,3x20;0,1926;m²;;Cal;;;Cal;;;;;;;;;;;;;;;;
;;Cal.C4.20;Rockwool 835;DN20;Calo chaud C4 nu;Classe 4;26,9x30;0,273;m²;;Cal;;;Cal;;;;;;;;;;;;;;;;
;;Cal.C4.25;Rockwool 835;DN25;Calo chaud C4 nu;Classe 4;33,7x30;0,2944;m²;;Cal;;;Cal;;;;;;;;;;;;;;;;
;;Cal.C4.32;Rockwool 835;DN32;Calo chaud C4 nu;Classe 4;42,4x40;0,3845;m²;;Cal;;;Cal;;;;;;;;;;;;;;;;
;;Cal.C4.40;Rockwool 835;DN40;Calo chaud C4 nu;Classe 4;48,3x40;0,4031;m²;;Cal;;;Cal;;;;;;;;;;;;;;;;
;;Cal.C4.50;Rockwool 835;DN50;Calo chaud C4 nu;Classe 4;60,3x50;0,5036;m²;;Cal;;;Cal;;;;;;;;;;;;;;;;
;;Cal.C4.65;Rockwool 835;DN65;Calo chaud C4 nu;Classe 4;76,1x50;0,5532;m²;;Cal;;;Cal;;;;;;;;;;;;;;;;
;;Cal.C4.80;Rockwool 835;DN80;Calo chaud C4 nu;Classe 4;88,9x50;0,5934;m²;;Cal;;;Cal;;;;;;;;;;;;;;;;
;;Cal.C4.100;Rockwool 835;DN100;Calo chaud C4 nu;Classe 4;114,3x60;0,7361;m²;;Cal;;;Cal;;;;;;;;;;;;;;;;
;;Cal.C4.125;Rockwool 835;DN125;Calo chaud C4 nu;Classe 4;139,7x60;0,8159;m²;;Cal;;;Cal;;;;;;;;;;;;;;;;
;;Cal.C4.150;Rockwool 835;DN150;Calo chaud C4 nu;Classe 4;168,3x60;0,9057;m²;;Cal;;;Cal;;;;;;;;;;;;;;;;
;;Cal.C4.200;Rockwool 835;DN200;Calo chaud C4 nu;Classe 4;219,1x70;1,1281;m²;;Cal;;;Cal;;;;;;;;;;;;;;;;
;;Cal.C4.250;Rockwool 835;DN250;Calo chaud C4 nu;Classe 4;273,0x70;1,2975;m²;;Cal;;;Cal;;;;;;;;;;;;;;;;
;;Cal.C4.300;Rockwool 835;DN300;Calo chaud C4 nu;Classe 4;323,9x70;1,4574;m²;;Cal;;;Cal;;;;;;;;;;;;;;;;
;;Cal.C4.350;Rockwool 835;DN350;Calo chaud C4 nu;Classe 4;;;m²;;Cal;;;Cal;;;;;;;;;;;;;;;;
;;Cal.C4.400;Rockwool 835;DN400;Calo chaud C4 nu;Classe 4;;;m²;;Cal;;;Cal;;;;;;;;;;;;;;;;
;;Cal.C4.450;Rockwool 835;DN450;Calo chaud C4 nu;Classe 4;;;m²;;Cal;;;Cal;;;;;;;;;;;;;;;;
;;Cal.C4.500;Rockwool 835;DN500;Calo chaud C4 nu;Classe 4;;;m²;;Cal;;;Cal;;;;;;;;;;;;;;;;
;;;;;;;;;;;;;;;;;;;;;;;;;;;;;;
;;Col.C2.15;Kooltherm;DN15;Collier froid C2;;;;U;;Cal;;;Sou;;;;;;;;;;;;;;;;
;;Col.C2.20;Kooltherm;DN20;Collier froid C2;;;;U;;Cal;;;Sou;;;;;;;;;;;;;;;;
;;Col.C2.25;Kooltherm;DN25;Collier froid C2;;;;U;;Cal;;;Sou;;;;;;;;;;;;;;;;
;;Col.C2.32;Kooltherm;DN32;Collier froid C2;;;;U;;Cal;;;Sou;;;;;;;;;;;;;;;;
;;Col.C2.40;Kooltherm;DN40;Collier froid C2;;;;U;;Cal;;;Sou;;;;;;;;;;;;;;;;
;;Col.C2.50;Kooltherm;DN50;Collier froid C2;;;;U;;Cal;;;Sou;;;;;;;;;;;;;;;;
;;Col.C2.65;Kooltherm;DN65;Collier froid C2;;;;U;;Cal;;;Sou;;;;;;;;;;;;;;;;
;;Col.C2.80;Kooltherm;DN80;Collier froid C2;;;;U;;Cal;;;Sou;;;;;;;;;;;;;;;;
;;Col.C2.100;Kooltherm;DN100;Collier froid C2;;;;U;;Cal;;;Sou;;;;;;;;;;;;;;;;
;;Col.C2.125;Kooltherm;DN125;Collier froid C2;;;;U;;Cal;;;Sou;;;;;;;;;;;;;;;;
;;Col.C2.150;Kooltherm;DN150;Collier froid C2;;;;U;;Cal;;;Sou;;;;;;;;;;;;;;;;
;;Col.C2.200;Kooltherm;DN200;Collier froid C2;;;;U;;Cal;;;Sou;;;;;;;;;;;;;;;;
;;Col.C2.250;Kooltherm;DN250;Collier froid C2;;;;U;;Cal;;;Sou;;;;;;;;;;;;;;;;
;;Col.C2.300;Kooltherm;DN300;Collier froid C2;;;;U;;Cal;;;Sou;;;;;;;;;;;;;;;;
;;Col.C2.350;Kooltherm;DN350;Collier froid C2;;;;U;;Cal;;;Sou;;;;;;;;;;;;;;;;
;;Col.C2.400;Kooltherm;DN400;Collier froid C2;;;;U;;Cal;;;Sou;;;;;;;;;;;;;;;;
;;Col.C2.450;Kooltherm;DN450;Collier froid C2;;;;U;;Cal;;;Sou;;;;;;;;;;;;;;;;
;;Col.C2.500;Kooltherm;DN500;Collier froid C2;;;;U;;Cal;;;Sou;;;;;;;;;;;;;;;;
;;;;;;;;;;;;;;;;;;;;;;;;;;;;;;
;;Col.C3.15;Kooltherm;DN15;Collier froid C3 alu;21,3x20;;;U;;Cal;;;Sou;;;;;;;;;;;;;;;;
;;Col.C3.20;Kooltherm;DN20;Collier froid C3 alu;26,9x20;;;U;;Cal;;;Sou;;;;;;;;;;;;;;;;
;;Col.C3.25;Kooltherm;DN25;Collier froid C3 alu;33,7x20;;;U;;Cal;;;Sou;;;;;;;;;;;;;;;;
;;Col.C3.32;Kooltherm;DN32;Collier froid C3 alu;42,4x25;;;U;;Cal;;;Sou;;;;;;;;;;;;;;;;
;;Col.C3.40;Kooltherm;DN40;Collier froid C3 alu;48,3x25;;;U;;Cal;;;Sou;;;;;;;;;;;;;;;;
;;Col.C3.50;Kooltherm;DN50;Collier froid C3 alu;60,3x30;;;U;;Cal;;;Sou;;;;;;;;;;;;;;;;
;;Col.C3.65;Kooltherm;DN65;Collier froid C3 alu;76,1x30;;;U;;Cal;;;Sou;;;;;;;;;;;;;;;;
;;Col.C3.80;Kooltherm;DN80;Collier froid C3 alu;88,9x40;;;U;;Cal;;;Sou;;;;;;;;;;;;;;;;
;;Col.C3.100;Kooltherm;DN100;Collier froid C3 alu;114,3x40;;;U;;Cal;;;Sou;;;;;;;;;;;;;;;;
;;Col.C3.125;Kooltherm;DN125;Collier froid C3 alu;139,7x40;;;U;;Cal;;;Sou;;;;;;;;;;;;;;;;
;;Col.C3.150;Kooltherm;DN150;Collier froid C3 alu;168,3x40;;;U;;Cal;;;Sou;;;;;;;;;;;;;;;;
;;Col.C3.200;Kooltherm;DN200;Collier froid C3 alu;219,1x50;;;U;;Cal;;;Sou;;;;;;;;;;;;;;;;
;;Col.C3.250;Kooltherm;DN250;Collier froid C3 alu;273,0x50;;;U;;Cal;;;Sou;;;;;;;;;;;;;;;;
;;Col.C3.300;Kooltherm;DN300;Collier froid C3 alu;;;;U;;Cal;;;Sou;;;;;;;;;;;;;;;;
;;Col.C3.350;Kooltherm;DN350;Collier froid C3 alu;;;;U;;Cal;;;Sou;;;;;;;;;;;;;;;;
;;Col.C3.400;Kooltherm;DN400;Collier froid C3 alu;;;;U;;Cal;;;Sou;;;;;;;;;;;;;;;;
;;Col.C3.450;Kooltherm;DN450;Collier froid C3 alu;;;;U;;Cal;;;Sou;;;;;;;;;;;;;;;;
;;Col.C3.500;Kooltherm;DN500;Collier froid C3 alu;;;;U;;Cal;;;Sou;;;;;;;;;;;;;;;;
;;;;;;;;;;;;;;;;;;;;;;;;;;;;;;
;;Col.C4.15;Kooltherm;DN15;Collier froid C4 alu;21,3x20;;;U;;Cal;;;Sou;;;;;;;;;;;;;;;;
;;Col.C4.20;Kooltherm;DN20;Collier froid C4 alu;26,9x25;;;U;;Cal;;;Sou;;;;;;;;;;;;;;;;
;;Col.C4.25;Kooltherm;DN25;Collier froid C4 alu;33,7x30;;;U;;Cal;;;Sou;;;;;;;;;;;;;;;;
;;Col.C4.32;Kooltherm;DN32;Collier froid C4 alu;42,4x30;;;U;;Cal;;;Sou;;;;;;;;;;;;;;;;
;;Col.C4.40;Kooltherm;DN40;Collier froid C4 alu;48,3x40;;;U;;Cal;;;Sou;;;;;;;;;;;;;;;;
;;Col.C4.50;Kooltherm;DN50;Collier froid C4 alu;60,3x40;;;U;;Cal;;;Sou;;;;;;;;;;;;;;;;
;;Col.C4.65;Kooltherm;DN65;Collier froid C4 alu;76,1x50;;;U;;Cal;;;Sou;;;;;;;;;;;;;;;;
;;Col.C4.80;Kooltherm;DN80;Collier froid C4 alu;88,9x50;;;U;;Cal;;;Sou;;;;;;;;;;;;;;;;
;;Col.C4.100;Kooltherm;DN100;Collier froid C4 alu;114,3x50;;;U;;Cal;;;Sou;;;;;;;;;;;;;;;;
;;Col.C4.125;Kooltherm;DN125;Collier froid C4 alu;;;;U;;Cal;;;Sou;;;;;;;;;;;;;;;;
;;Col.C4.150;Kooltherm;DN150;Collier froid C4 alu;;;;U;;Cal;;;Sou;;;;;;;;;;;;;;;;
;;Col.C4.200;Kooltherm;DN200;Collier froid C4 alu;;;;U;;Cal;;;Sou;;;;;;;;;;;;;;;;
;;Col.C4.250;Kooltherm;DN250;Collier froid C4 alu;;;;U;;Cal;;;Sou;;;;;;;;;;;;;;;;
;;Col.C4.300;Kooltherm;DN300;Collier froid C4 alu;;;;U;;Cal;;;Sou;;;;;;;;;;;;;;;;
;;Col.C4.350;Kooltherm;DN350;Collier froid C4 alu;;;;U;;Cal;;;Sou;;;;;;;;;;;;;;;;
;;Col.C4.400;Kooltherm;DN400;Collier froid C4 alu;;;;U;;Cal;;;Sou;;;;;;;;;;;;;;;;
;;Col.C4.450;Kooltherm;DN450;Collier froid C4 alu;;;;U;;Cal;;;Sou;;;;;;;;;;;;;;;;
;;Col.C4.500;Kooltherm;DN500;Collier froid C4 alu;;;;U;;Cal;;;Sou;;;;;;;;;;;;;;;;
;;;;;;;;;;;;;;;;;;;;;;;;;;;;;;
;;Col.gar.15;;DN15;Collier garni;21,3;;;U;;Sup;;;Sou;;;;;;;;;;;;;;;;
;;Col.gar.20;;DN20;Collier garni;26,9;;;U;;Sup;;;Sou;;;;;;;;;;;;;;;;
;;Col.gar.25;;DN25;Collier garni;33,7;;;U;;Sup;;;Sou;;;;;;;;;;;;;;;;
;;Col.gar.32;;DN32;Collier garni;42,4;;;U;;Sup;;;Sou;;;;;;;;;;;;;;;;
;;Col.gar.40;;DN40;Collier garni;48,3;;;U;;Sup;;;Sou;;;;;;;;;;;;;;;;
;;Col.gar.50;;DN50;Collier garni;60,3;;;U;;Sup;;;Sou;;;;;;;;;;;;;;;;
;;Col.gar.65;;DN65;Collier garni;76,1;;;U;;Sup;;;Sou;;;;;;;;;;;;;;;;
;;Col.gar.80;;DN80;Collier garni;88,9;;;U;;Sup;;;Sou;;;;;;;;;;;;;;;;
;;Col.gar.100;;DN100;Collier garni;114,3;;;U;;Sup;;;Sou;;;;;;;;;;;;;;;;
;;Col.gar.125;;DN125;Collier garni;139,7;;;U;;Sup;;;Sou;;;;;;;;;;;;;;;;
;;Col.gar.150;;DN150;Collier garni;168,3;;;U;;Sup;;;Sou;;;;;;;;;;;;;;;;
;;Col.gar.200;;DN200;Collier garni;219,1;;;U;;Sup;;;Sou;;;;;;;;;;;;;;;;
;;Col.gar.250;;DN250;Collier garni;273;;;U;;Sup;;;Sou;;;;;;;;;;;;;;;;
;;Col.gar.300;;DN300;Collier garni;323,9;;;U;;Sup;;;Sou;;;;;;;;;;;;;;;;
;;Col.gar.350;;DN350;Collier garni;355,6;;;U;;Sup;;;Sou;;;;;;;;;;;;;;;;
;;Col.gar.400;;DN400;Collier garni;406,4;;;U;;Sup;;;Sou;;;;;;;;;;;;;;;;
;;Col.gar.450;;DN450;Collier garni;457,2;;;U;;Sup;;;Sou;;;;;;;;;;;;;;;;
;;Col.gar.500;;DN500;Collier garni;508;;;U;;Sup;;;Sou;;;;;;;;;;;;;;;;
;;;;;;;;;;;;;;;;;;;;;;;;;;;;;;
2;;CRs.ch.15;;DN15;Calo rob. simple chaud;;;;U;10;Cal;;0,25;Cal;;;;;;;;;;;;;;;;
2;;CRs.ch.20;;DN20;Calo rob. simple chaud;;;;U;12;Cal;;0,25;Cal;;;;;;;;;;;;;;;;
2;;CRs.ch.25;;DN25;Calo rob. simple chaud;;;;U;14;Cal;;0,3;Cal;;;;;;;;;;;;;;;;
2;;CRs.ch.32;;DN32;Calo rob. simple chaud;;;;U;17;Cal;;0,3;Cal;;;;;;;;;;;;;;;;
2;;CRs.ch.40;;DN40;Calo rob. simple chaud;;;;U;21;Cal;;0,35;Cal;;;;;;;;;;;;;;;;
2;;CRs.ch.50;;DN50;Calo rob. simple chaud;;;;U;25;Cal;;0,35;Cal;;;;;;;;;;;;;;;;
2;;CRs.ch.65;;DN65;Calo rob. simple chaud;;;;U;30;Cal;;0,45;Cal;;;;;;;;;;;;;;;;
2;;CRs.ch.80;;DN80;Calo rob. simple chaud;;;;U;38;Cal;;0,55;Cal;;;;;;;;;;;;;;;;
2;;CRs.ch.100;;DN100;Calo rob. simple chaud;;;;U;48;Cal;;0,7;Cal;;;;;;;;;;;;;;;;
2;;CRs.ch.125;;DN125;Calo rob. simple chaud;;;;U;62;Cal;;0,8;Cal;;;;;;;;;;;;;;;;
;;CRs.ch.150;;DN150;Calo rob. simple chaud;;;;U;;Cal;;;Cal;;;;;;;;;;;;;;;;
;;CRs.ch.200;;DN200;Calo rob. simple chaud;;;;U;;Cal;;;Cal;;;;;;;;;;;;;;;;
;;CRs.ch.250;;DN250;Calo rob. simple chaud;;;;U;;Cal;;;Cal;;;;;;;;;;;;;;;;
;;CRs.ch.300;;DN300;Calo rob. simple chaud;;;;U;;Cal;;;Cal;;;;;;;;;;;;;;;;
;;CRs.ch.350;;DN350;Calo rob. simple chaud;;;;U;;Cal;;;Cal;;;;;;;;;;;;;;;;
;;CRs.ch.400;;DN400;Calo rob. simple chaud;;;;U;;Cal;;;Cal;;;;;;;;;;;;;;;;
;;CRs.ch.450;;DN450;Calo rob. simple chaud;;;;U;;Cal;;;Cal;;;;;;;;;;;;;;;;
;;CRs.ch.500;;DN500;Calo rob. simple chaud;;;;U;;Cal;;;;;;;;;;;;;;;;;;;
;;;;;;;;;;;;;;Cal;;;;;;;;;;;;;;;;
;;CRb.ch.15;;DN15;Calo rob. boite chaud;;;;U;35;Cal;;0,2;Cal;;;;;;;;;;;;;;;;
;;CRb.ch.20;;DN20;Calo rob. boite chaud;;;;U;35;Cal;;0,2;Cal;;;;;;;;;;;;;;;;
;;CRb.ch.25;;DN25;Calo rob. boite chaud;;;;U;45;Cal;;0,25;Cal;;;;;;;;;;;;;;;;
;;CRb.ch.32;;DN32;Calo rob. boite chaud;;;;U;45;Cal;;0,25;Cal;;;;;;;;;;;;;;;;
;;CRb.ch.40;;DN40;Calo rob. boite chaud;;;;U;65;Cal;;0,3;Cal;;;;;;;;;;;;;;;;
;;CRb.ch.50;;DN50;Calo rob. boite chaud;;;;U;65;Cal;;0,3;Cal;;;;;;;;;;;;;;;;
;;CRb.ch.65;;DN65;Calo rob. boite chaud;;;;U;95;Cal;;0,35;Cal;;;;;;;;;;;;;;;;
;;CRb.ch.80;;DN80;Calo rob. boite chaud;;;;U;125;Cal;;0,4;Cal;;;;;;;;;;;;;;;;
;;CRb.ch.100;;DN100;Calo rob. boite chaud;;;;U;160;Cal;;0,5;Cal;;;;;;;;;;;;;;;;
;;CRb.ch.125;;DN125;Calo rob. boite chaud;;;;U;210;Cal;;0,6;Cal;;;;;;;;;;;;;;;;
;;CRb.ch.150;;DN150;Calo rob. boite chaud;;;;U;;Cal;;;Cal;;;;;;;;;;;;;;;;
;;CRb.ch.200;;DN200;Calo rob. boite chaud;;;;U;;Cal;;;Cal;;;;;;;;;;;;;;;;
;;CRb.ch.250;;DN250;Calo rob. boite chaud;;;;U;;Cal;;;Cal;;;;;;;;;;;;;;;;
;;CRb.ch.300;;DN300;Calo rob. boite chaud;;;;U;;Cal;;;Cal;;;;;;;;;;;;;;;;
;;CRb.ch.350;;DN350;Calo rob. boite chaud;;;;U;;Cal;;;Cal;;;;;;;;;;;;;;;;
;;CRb.ch.400;;DN400;Calo rob. boite chaud;;;;U;;Cal;;;Cal;;;;;;;;;;;;;;;;
;;CRb.ch.450;;DN450;Calo rob. boite chaud;;;;U;;Cal;;;Cal;;;;;;;;;;;;;;;;
;;CRb.ch.500;;DN500;Calo rob. boite chaud;;;;U;;;;;;;;;;;;;;;;;;;;;
;;;;;;;;;;;;;;Cal;;;;;;;;;;;;;;;;
;;CRs.fr.15;;DN15;Calo rob. simple froid;;;;U;12;Cal;;0,3;Cal;;;;;;;;;;;;;;;;
;;CRs.fr.20;;DN20;Calo rob. simple froid;;;;U;15;Cal;;0,3;Cal;;;;;;;;;;;;;;;;
;;CRs.fr.25;;DN25;Calo rob. simple froid;;;;U;17;Cal;;0,35;Cal;;;;;;;;;;;;;;;;
;;CRs.fr.32;;DN32;Calo rob. simple froid;;;;U;21;Cal;;0,35;Cal;;;;;;;;;;;;;;;;
;;CRs.fr.40;;DN40;Calo rob. simple froid;;;;U;26;Cal;;0,4;Cal;;;;;;;;;;;;;;;;
;;CRs.fr.50;;DN50;Calo rob. simple froid;;;;U;30;Cal;;0,4;Cal;;;;;;;;;;;;;;;;
;;CRs.fr.65;;DN65;Calo rob. simple froid;;;;U;36;Cal;;0,5;Cal;;;;;;;;;;;;;;;;
;;CRs.fr.80;;DN80;Calo rob. simple froid;;;;U;46;Cal;;0,65;Cal;;;;;;;;;;;;;;;;
;;CRs.fr.100;;DN100;Calo rob. simple froid;;;;U;58;Cal;;0,8;Cal;;;;;;;;;;;;;;;;
;;CRs.fr.125;;DN125;Calo rob. simple froid;;;;U;75;Cal;;0,9;Cal;;;;;;;;;;;;;;;;
;;CRs.fr.150;;DN150;Calo rob. simple froid;;;;U;;Cal;;;Cal;;;;;;;;;;;;;;;;
;;CRs.fr.200;;DN200;Calo rob. simple froid;;;;U;;Cal;;;Cal;;;;;;;;;;;;;;;;
;;CRs.fr.250;;DN250;Calo rob. simple froid;;;;U;;Cal;;;Cal;;;;;;;;;;;;;;;;
;;CRs.fr.300;;DN300;Calo rob. simple froid;;;;U;;Cal;;;Cal;;;;;;;;;;;;;;;;
;;CRs.fr.350;;DN350;Calo rob. simple froid;;;;U;;Cal;;;Cal;;;;;;;;;;;;;;;;
;;CRs.fr.400;;DN400;Calo rob. simple froid;;;;U;;Cal;;;Cal;;;;;;;;;;;;;;;;
;;CRs.fr.450;;DN450;Calo rob. simple froid;;;;U;;Cal;;;Cal;;;;;;;;;;;;;;;;
;;CRs.fr.500;;DN500;Calo rob. simple froid;;;;U;;Cal;;;Cal;;;;;;;;;;;;;;;;
;;;;;;;;;;;;;;;;;;;;;;;;;;;;;;
;;CRb.fr.15;;DN15;Calo rob. boite froid;;;;U;60;Cal;;0,25;Cal;;;;;;;;;;;;;;;;
;;CRb.fr.20;;DN20;Calo rob. boite froid;;;;U;65;Cal;;0,25;Cal;;;;;;;;;;;;;;;;
;;CRb.fr.25;;DN25;Calo rob. boite froid;;;;U;70;Cal;;0,3;Cal;;;;;;;;;;;;;;;;
;;CRb.fr.32;;DN32;Calo rob. boite froid;;;;U;75;Cal;;0,3;Cal;;;;;;;;;;;;;;;;
;;CRb.fr.40;;DN40;Calo rob. boite froid;;;;U;80;Cal;;0,35;Cal;;;;;;;;;;;;;;;;
;;CRb.fr.50;;DN50;Calo rob. boite froid;;;;U;90;Cal;;0,35;Cal;;;;;;;;;;;;;;;;
;;CRb.fr.65;;DN65;Calo rob. boite froid;;;;U;110;Cal;;0,4;Cal;;;;;;;;;;;;;;;;
;;CRb.fr.80;;DN80;Calo rob. boite froid;;;;U;150;Cal;;0,5;Cal;;;;;;;;;;;;;;;;
;;CRb.fr.100;;DN100;Calo rob. boite froid;;;;U;208;Cal;;0,6;Cal;;;;;;;;;;;;;;;;
;;CRb.fr.125;;DN125;Calo rob. boite froid;;;;U;273;Cal;;0,7;Cal;;;;;;;;;;;;;;;;
;;CRb.fr.150;;DN150;Calo rob. boite froid;;;;U;;Cal;;;Cal;;;;;;;;;;;;;;;;
;;CRb.fr.200;;DN200;Calo rob. boite froid;;;;U;;Cal;;;Cal;;;;;;;;;;;;;;;;
;;CRb.fr.250;;DN250;Calo rob. boite froid;;;;U;;Cal;;;Cal;;;;;;;;;;;;;;;;
;;CRb.fr.300;;DN300;Calo rob. boite froid;;;;U;;Cal;;;Cal;;;;;;;;;;;;;;;;
;;CRb.fr.350;;DN350;Calo rob. boite froid;;;;U;;Cal;;;Cal;;;;;;;;;;;;;;;;
;;CRb.fr.400;;DN400;Calo rob. boite froid;;;;U;;Cal;;;Cal;;;;;;;;;;;;;;;;
;;CRb.fr.450;;DN450;Calo rob. boite froid;;;;U;;Cal;;;Cal;;;;;;;;;;;;;;;;
;;CRb.fr.500;;DN500;Calo rob. boite froid;;;;U;;Cal;;;Cal;;;;;;;;;;;;;;;;
;;;;;;;;;;;;;;;;;;;;;;;;;;;;;;
;;Rev.PVC;;/;Revetement PVC;;;;m²;;Cal;;;Cal;;;;;;;;;;;;;;;;
;;Rev.iso;;/;Revetement isoxal;;;;m²;;Cal;;;Cal;;;;;;;;;;;;;;;;
;;;;;;;;;;;;;;;;;;;;;;;;;;;;;;
;;Man.15;;DN15;Mano. gly. XXmm;1/2 X;;;U;;Rob;;;;;;;;;;;;;;;;;;;
;;;;;;;;;;;;;;;;;;;;;;;;;;;;;;
;;Th.Dr.15;;DN15;Thermo. droit -X-XXC;1/2 X;;;U;;Rob;;;;;;;;;;;;;;;;;;;
;;Th.Eq.15;;DN15;Thermo. equerre-X-XXC;1/2 X;;;U;;Rob;;;;;;;;;;;;;;;;;;;
;;;;;;;;;;;;;;;;;;;;;;;;;;;;;;
;;Pur.16.20;;DN20;Purgeur G debit 16b;3/4 X;;;U;;Rob;;;;;;;;;;;;;;;;;;;
;;;;;;;;;;;;;;;;;;;;;;;;;;;;;;
3;3;Lia.Equ;;/;Liaison equipotentielle;;;;ml;1,25;Ele;;0.05;Ele;;;;;;;;;;;;;;;;
;;;;;;;;;;;;;;;;;;;;;;;;;;;;;;
1;2;Ctr.Rad;;/;Controle radio 5%;voir par soud.;;;ml;0,6;ST;;;Sou;;;;;;;;;;;;;;;;
